path;db_name;id;brand;model;content_source;content_type;media_type;processing;processing_sm;tampering;structure_pretty;structure_json
C:\DB\AI\AI01_GoogleFlow_OmniFlash\AI01_01_synth.mp4;AI;AI01;GoogleFlow;OmniFlash;AI_GENERATION;SYNTHETIC;MP4;ORIGINAL;False;NATIVE;ftyp|uuid|moov(mvhd,trak(tkhd,edts(elst),mdia(mdhd,hdlr,minf(vmhd,dinf(dref),stbl(stsd(avc1(avcC,btrt)),stts,stss,ctts,stsc,stsz,stco)))),trak(tkhd,edts(elst),mdia(mdhd,hdlr,minf(smhd,dinf(dref),stbl(stsd(mp4a(esds,btrt)),stts,stsc,stsz,stco,sgpd,sbgp)))),udta(meta(hdlr,ilst)))|free|mdat;"[{""type"":""ftyp""},{""type"":""uuid""},{""type"":""moov"",""children"":[{""type"":""mvhd""},{""type"":""trak"",""children"":[{""type"":""tkhd""},{""type"":""edts"",""children"":[{""type"":""elst""}]},{""type"":""mdia"",""children"":[{""type"":""mdhd""},{""type"":""hdlr""},{""type"":""minf"",""children"":[{""type"":""vmhd""},{""type"":""dinf"",""children"":[{""type"":""dref""}]},{""type"":""stbl"",""children"":[{""type"":""stsd"",""children"":[{""type"":""avc1"",""children"":[{""type"":""avcC""},{""type"":""btrt""}]}]},{""type"":""stts""},{""type"":""stss""},{""type"":""ctts""},{""type"":""stsc""},{""type"":""stsz""},{""type"":""stco""}]}]}]}]},{""type"":""trak"",""children"":[{""type"":""tkhd""},{""type"":""edts"",""children"":[{""type"":""elst""}]},{""type"":""mdia"",""children"":[{""type"":""mdhd""},{""type"":""hdlr""},{""type"":""minf"",""children"":[{""type"":""smhd""},{""type"":""dinf"",""children"":[{""type"":""dref""}]},{""type"":""stbl"",""children"":[{""type"":""stsd"",""children"":[{""type"":""mp4a"",""children"":[{""type"":""esds""},{""type"":""btrt""}]}]},{""type"":""stts""},{""type"":""stsc""},{""type"":""stsz""},{""type"":""stco""},{""type"":""sgpd""},{""type"":""sbgp""}]}]}]}]},{""type"":""udta"",""children"":[{""type"":""meta"",""children"":[{""type"":""hdlr""},{""type"":""ilst""}]}]}]},{""type"":""free""},{""type"":""mdat""}]"
C:\DB\AI\AI01_GoogleFlow_OmniFlash\AI01_02_synth.mp4;AI;AI01;GoogleFlow;OmniFlash;AI_GENERATION;SYNTHETIC;MP4;ORIGINAL;False;NATIVE;ftyp|uuid|moov(mvhd,trak(tkhd,edts(elst),mdia(mdhd,hdlr,minf(vmhd,dinf(dref),stbl(stsd(avc1(avcC,btrt)),stts,stss,ctts,stsc,stsz,stco)))),trak(tkhd,edts(elst),mdia(mdhd,hdlr,minf(smhd,dinf(dref),stbl(stsd(mp4a(esds,btrt)),stts,stsc,stsz,stco,sgpd,sbgp)))),udta(meta(hdlr,ilst)))|free|mdat;"[{""type"":""ftyp""},{""type"":""uuid""},{""type"":""moov"",""children"":[{""type"":""mvhd""},{""type"":""trak"",""children"":[{""type"":""tkhd""},{""type"":""edts"",""children"":[{""type"":""elst""}]},{""type"":""mdia"",""children"":[{""type"":""mdhd""},{""type"":""hdlr""},{""type"":""minf"",""children"":[{""type"":""vmhd""},{""type"":""dinf"",""children"":[{""type"":""dref""}]},{""type"":""stbl"",""children"":[{""type"":""stsd"",""children"":[{""type"":""avc1"",""children"":[{""type"":""avcC""},{""type"":""btrt""}]}]},{""type"":""stts""},{""type"":""stss""},{""type"":""ctts""},{""type"":""stsc""},{""type"":""stsz""},{""type"":""stco""}]}]}]}]},{""type"":""trak"",""children"":[{""type"":""tkhd""},{""type"":""edts"",""children"":[{""type"":""elst""}]},{""type"":""mdia"",""children"":[{""type"":""mdhd""},{""type"":""hdlr""},{""type"":""minf"",""children"":[{""type"":""smhd""},{""type"":""dinf"",""children"":[{""type"":""dref""}]},{""type"":""stbl"",""children"":[{""type"":""stsd"",""children"":[{""type"":""mp4a"",""children"":[{""type"":""esds""},{""type"":""btrt""}]}]},{""type"":""stts""},{""type"":""stsc""},{""type"":""stsz""},{""type"":""stco""},{""type"":""sgpd""},{""type"":""sbgp""}]}]}]}]},{""type"":""udta"",""children"":[{""type"":""meta"",""children"":[{""type"":""hdlr""},{""type"":""ilst""}]}]}]},{""type"":""free""},{""type"":""mdat""}]"
C:\DB\AI\AI01_GoogleFlow_OmniFlash\AI01_03_df.mp4;AI;AI01;GoogleFlow;OmniFlash;MIXED;DEEPFAKE;MP4;ORIGINAL;False;NATIVE;ftyp|uuid|moov(mvhd,trak(tkhd,edts(elst),mdia(mdhd,hdlr,minf(vmhd,dinf(dref),stbl(stsd(avc1(avcC,btrt)),stts,stss,ctts,stsc,stsz,stco)))),trak(tkhd,edts(elst),mdia(mdhd,hdlr,minf(smhd,dinf(dref),stbl(stsd(mp4a(esds,btrt)),stts,stsc,stsz,stco,sgpd,sbgp)))),udta(meta(hdlr,ilst)))|free|mdat;"[{""type"":""ftyp""},{""type"":""uuid""},{""type"":""moov"",""children"":[{""type"":""mvhd""},{""type"":""trak"",""children"":[{""type"":""tkhd""},{""type"":""edts"",""children"":[{""type"":""elst""}]},{""type"":""mdia"",""children"":[{""type"":""mdhd""},{""type"":""hdlr""},{""type"":""minf"",""children"":[{""type"":""vmhd""},{""type"":""dinf"",""children"":[{""type"":""dref""}]},{""type"":""stbl"",""children"":[{""type"":""stsd"",""children"":[{""type"":""avc1"",""children"":[{""type"":""avcC""},{""type"":""btrt""}]}]},{""type"":""stts""},{""type"":""stss""},{""type"":""ctts""},{""type"":""stsc""},{""type"":""stsz""},{""type"":""stco""}]}]}]}]},{""type"":""trak"",""children"":[{""type"":""tkhd""},{""type"":""edts"",""children"":[{""type"":""elst""}]},{""type"":""mdia"",""children"":[{""type"":""mdhd""},{""type"":""hdlr""},{""type"":""minf"",""children"":[{""type"":""smhd""},{""type"":""dinf"",""children"":[{""type"":""dref""}]},{""type"":""stbl"",""children"":[{""type"":""stsd"",""children"":[{""type"":""mp4a"",""children"":[{""type"":""esds""},{""type"":""btrt""}]}]},{""type"":""stts""},{""type"":""stsc""},{""type"":""stsz""},{""type"":""stco""},{""type"":""sgpd""},{""type"":""sbgp""}]}]}]}]},{""type"":""udta"",""children"":[{""type"":""meta"",""children"":[{""type"":""hdlr""},{""type"":""ilst""}]}]}]},{""type"":""free""},{""type"":""mdat""}]"
C:\DB\AI\AI01_GoogleFlow_OmniFlash\AI01_04_df.mp4;AI;AI01;GoogleFlow;OmniFlash;MIXED;DEEPFAKE;MP4;ORIGINAL;False;NATIVE;ftyp|uuid|moov(mvhd,trak(tkhd,edts(elst),mdia(mdhd,hdlr,minf(vmhd,dinf(dref),stbl(stsd(avc1(avcC,btrt)),stts,stss,ctts,stsc,stsz,stco)))),trak(tkhd,edts(elst),mdia(mdhd,hdlr,minf(smhd,dinf(dref),stbl(stsd(mp4a(esds,btrt)),stts,stsc,stsz,stco,sgpd,sbgp)))),udta(meta(hdlr,ilst)))|free|mdat;"[{""type"":""ftyp""},{""type"":""uuid""},{""type"":""moov"",""children"":[{""type"":""mvhd""},{""type"":""trak"",""children"":[{""type"":""tkhd""},{""type"":""edts"",""children"":[{""type"":""elst""}]},{""type"":""mdia"",""children"":[{""type"":""mdhd""},{""type"":""hdlr""},{""type"":""minf"",""children"":[{""type"":""vmhd""},{""type"":""dinf"",""children"":[{""type"":""dref""}]},{""type"":""stbl"",""children"":[{""type"":""stsd"",""children"":[{""type"":""avc1"",""children"":[{""type"":""avcC""},{""type"":""btrt""}]}]},{""type"":""stts""},{""type"":""stss""},{""type"":""ctts""},{""type"":""stsc""},{""type"":""stsz""},{""type"":""stco""}]}]}]}]},{""type"":""trak"",""children"":[{""type"":""tkhd""},{""type"":""edts"",""children"":[{""type"":""elst""}]},{""type"":""mdia"",""children"":[{""type"":""mdhd""},{""type"":""hdlr""},{""type"":""minf"",""children"":[{""type"":""smhd""},{""type"":""dinf"",""children"":[{""type"":""dref""}]},{""type"":""stbl"",""children"":[{""type"":""stsd"",""children"":[{""type"":""mp4a"",""children"":[{""type"":""esds""},{""type"":""btrt""}]}]},{""type"":""stts""},{""type"":""stsc""},{""type"":""stsz""},{""type"":""stco""},{""type"":""sgpd""},{""type"":""sbgp""}]}]}]}]},{""type"":""udta"",""children"":[{""type"":""meta"",""children"":[{""type"":""hdlr""},{""type"":""ilst""}]}]}]},{""type"":""free""},{""type"":""mdat""}]"
C:\DB\AI\AI02_GoogleGemini_Veo3.1\AI02_01_synth.mp4;AI;AI02;GoogleGemini;Veo3.1;AI_GENERATION;SYNTHETIC;MP4;ORIGINAL;False;NATIVE;ftyp|uuid|mdat|moov(mvhd,trak(tkhd,edts(elst),mdia(mdhd,hdlr,minf(vmhd,dinf(dref),stbl(stsd(avc1(avcC,btrt)),stts,stss,ctts,stsc,stsz,stco)))),trak(tkhd,edts(elst),mdia(mdhd,hdlr,minf(smhd,dinf(dref),stbl(stsd(mp4a(esds,btrt)),stts,stsc,stsz,stco,sgpd,sbgp)))),udta(meta(hdlr,ilst)));"[{""type"":""ftyp""},{""type"":""uuid""},{""type"":""mdat""},{""type"":""moov"",""children"":[{""type"":""mvhd""},{""type"":""trak"",""children"":[{""type"":""tkhd""},{""type"":""edts"",""children"":[{""type"":""elst""}]},{""type"":""mdia"",""children"":[{""type"":""mdhd""},{""type"":""hdlr""},{""type"":""minf"",""children"":[{""type"":""vmhd""},{""type"":""dinf"",""children"":[{""type"":""dref""}]},{""type"":""stbl"",""children"":[{""type"":""stsd"",""children"":[{""type"":""avc1"",""children"":[{""type"":""avcC""},{""type"":""btrt""}]}]},{""type"":""stts""},{""type"":""stss""},{""type"":""ctts""},{""type"":""stsc""},{""type"":""stsz""},{""type"":""stco""}]}]}]}]},{""type"":""trak"",""children"":[{""type"":""tkhd""},{""type"":""edts"",""children"":[{""type"":""elst""}]},{""type"":""mdia"",""children"":[{""type"":""mdhd""},{""type"":""hdlr""},{""type"":""minf"",""children"":[{""type"":""smhd""},{""type"":""dinf"",""children"":[{""type"":""dref""}]},{""type"":""stbl"",""children"":[{""type"":""stsd"",""children"":[{""type"":""mp4a"",""children"":[{""type"":""esds""},{""type"":""btrt""}]}]},{""type"":""stts""},{""type"":""stsc""},{""type"":""stsz""},{""type"":""stco""},{""type"":""sgpd""},{""type"":""sbgp""}]}]}]}]},{""type"":""udta"",""children"":[{""type"":""meta"",""children"":[{""type"":""hdlr""},{""type"":""ilst""}]}]}]}]"
C:\DB\AI\AI02_GoogleGemini_Veo3.1\AI02_02_synth.mp4;AI;AI02;GoogleGemini;Veo3.1;AI_GENERATION;SYNTHETIC;MP4;ORIGINAL;False;NATIVE;ftyp|uuid|mdat|moov(mvhd,trak(tkhd,edts(elst),mdia(mdhd,hdlr,minf(vmhd,dinf(dref),stbl(stsd(avc1(avcC,btrt)),stts,stss,ctts,stsc,stsz,stco)))),trak(tkhd,edts(elst),mdia(mdhd,hdlr,minf(smhd,dinf(dref),stbl(stsd(mp4a(esds,btrt)),stts,stsc,stsz,stco,sgpd,sbgp)))),udta(meta(hdlr,ilst)));"[{""type"":""ftyp""},{""type"":""uuid""},{""type"":""mdat""},{""type"":""moov"",""children"":[{""type"":""mvhd""},{""type"":""trak"",""children"":[{""type"":""tkhd""},{""type"":""edts"",""children"":[{""type"":""elst""}]},{""type"":""mdia"",""children"":[{""type"":""mdhd""},{""type"":""hdlr""},{""type"":""minf"",""children"":[{""type"":""vmhd""},{""type"":""dinf"",""children"":[{""type"":""dref""}]},{""type"":""stbl"",""children"":[{""type"":""stsd"",""children"":[{""type"":""avc1"",""children"":[{""type"":""avcC""},{""type"":""btrt""}]}]},{""type"":""stts""},{""type"":""stss""},{""type"":""ctts""},{""type"":""stsc""},{""type"":""stsz""},{""type"":""stco""}]}]}]}]},{""type"":""trak"",""children"":[{""type"":""tkhd""},{""type"":""edts"",""children"":[{""type"":""elst""}]},{""type"":""mdia"",""children"":[{""type"":""mdhd""},{""type"":""hdlr""},{""type"":""minf"",""children"":[{""type"":""smhd""},{""type"":""dinf"",""children"":[{""type"":""dref""}]},{""type"":""stbl"",""children"":[{""type"":""stsd"",""children"":[{""type"":""mp4a"",""children"":[{""type"":""esds""},{""type"":""btrt""}]}]},{""type"":""stts""},{""type"":""stsc""},{""type"":""stsz""},{""type"":""stco""},{""type"":""sgpd""},{""type"":""sbgp""}]}]}]}]},{""type"":""udta"",""children"":[{""type"":""meta"",""children"":[{""type"":""hdlr""},{""type"":""ilst""}]}]}]}]"
C:\DB\AI\AI02_GoogleGemini_Veo3.1\AI02_03_df.mp4;AI;AI02;GoogleGemini;Veo3.1;MIXED;DEEPFAKE;MP4;ORIGINAL;False;NATIVE;ftyp|uuid|moov(mvhd,trak(tkhd,edts(elst),mdia(mdhd,hdlr,minf(vmhd,dinf(dref),stbl(stsd(avc1(avcC,btrt)),stts,stss,ctts,stsc,stsz,stco)))),trak(tkhd,edts(elst),mdia(mdhd,hdlr,minf(smhd,dinf(dref),stbl(stsd(mp4a(esds,btrt)),stts,stsc,stsz,stco,sgpd,sbgp)))),udta(meta(hdlr,ilst)))|free|mdat;"[{""type"":""ftyp""},{""type"":""uuid""},{""type"":""moov"",""children"":[{""type"":""mvhd""},{""type"":""trak"",""children"":[{""type"":""tkhd""},{""type"":""edts"",""children"":[{""type"":""elst""}]},{""type"":""mdia"",""children"":[{""type"":""mdhd""},{""type"":""hdlr""},{""type"":""minf"",""children"":[{""type"":""vmhd""},{""type"":""dinf"",""children"":[{""type"":""dref""}]},{""type"":""stbl"",""children"":[{""type"":""stsd"",""children"":[{""type"":""avc1"",""children"":[{""type"":""avcC""},{""type"":""btrt""}]}]},{""type"":""stts""},{""type"":""stss""},{""type"":""ctts""},{""type"":""stsc""},{""type"":""stsz""},{""type"":""stco""}]}]}]}]},{""type"":""trak"",""children"":[{""type"":""tkhd""},{""type"":""edts"",""children"":[{""type"":""elst""}]},{""type"":""mdia"",""children"":[{""type"":""mdhd""},{""type"":""hdlr""},{""type"":""minf"",""children"":[{""type"":""smhd""},{""type"":""dinf"",""children"":[{""type"":""dref""}]},{""type"":""stbl"",""children"":[{""type"":""stsd"",""children"":[{""type"":""mp4a"",""children"":[{""type"":""esds""},{""type"":""btrt""}]}]},{""type"":""stts""},{""type"":""stsc""},{""type"":""stsz""},{""type"":""stco""},{""type"":""sgpd""},{""type"":""sbgp""}]}]}]}]},{""type"":""udta"",""children"":[{""type"":""meta"",""children"":[{""type"":""hdlr""},{""type"":""ilst""}]}]}]},{""type"":""free""},{""type"":""mdat""}]"
C:\DB\AI\AI02_GoogleGemini_Veo3.1\AI02_04_df.mp4;AI;AI02;GoogleGemini;Veo3.1;MIXED;DEEPFAKE;MP4;ORIGINAL;False;NATIVE;ftyp|uuid|moov(mvhd,trak(tkhd,edts(elst),mdia(mdhd,hdlr,minf(vmhd,dinf(dref),stbl(stsd(avc1(avcC,btrt)),stts,stss,ctts,stsc,stsz,stco)))),trak(tkhd,edts(elst),mdia(mdhd,hdlr,minf(smhd,dinf(dref),stbl(stsd(mp4a(esds,btrt)),stts,stsc,stsz,stco,sgpd,sbgp)))),udta(meta(hdlr,ilst)))|free|mdat;"[{""type"":""ftyp""},{""type"":""uuid""},{""type"":""moov"",""children"":[{""type"":""mvhd""},{""type"":""trak"",""children"":[{""type"":""tkhd""},{""type"":""edts"",""children"":[{""type"":""elst""}]},{""type"":""mdia"",""children"":[{""type"":""mdhd""},{""type"":""hdlr""},{""type"":""minf"",""children"":[{""type"":""vmhd""},{""type"":""dinf"",""children"":[{""type"":""dref""}]},{""type"":""stbl"",""children"":[{""type"":""stsd"",""children"":[{""type"":""avc1"",""children"":[{""type"":""avcC""},{""type"":""btrt""}]}]},{""type"":""stts""},{""type"":""stss""},{""type"":""ctts""},{""type"":""stsc""},{""type"":""stsz""},{""type"":""stco""}]}]}]}]},{""type"":""trak"",""children"":[{""type"":""tkhd""},{""type"":""edts"",""children"":[{""type"":""elst""}]},{""type"":""mdia"",""children"":[{""type"":""mdhd""},{""type"":""hdlr""},{""type"":""minf"",""children"":[{""type"":""smhd""},{""type"":""dinf"",""children"":[{""type"":""dref""}]},{""type"":""stbl"",""children"":[{""type"":""stsd"",""children"":[{""type"":""mp4a"",""children"":[{""type"":""esds""},{""type"":""btrt""}]}]},{""type"":""stts""},{""type"":""stsc""},{""type"":""stsz""},{""type"":""stco""},{""type"":""sgpd""},{""type"":""sbgp""}]}]}]}]},{""type"":""udta"",""children"":[{""type"":""meta"",""children"":[{""type"":""hdlr""},{""type"":""ilst""}]}]}]},{""type"":""free""},{""type"":""mdat""}]"
C:\DB\AI\AI03_Grok_Imagine0.9\AI03_01_synth.mp4;AI;AI03;Grok;Imagine0.9;AI_GENERATION;SYNTHETIC;MP4;ORIGINAL;False;NATIVE;ftyp|moov(mvhd,trak(tkhd,edts(elst),mdia(mdhd,hdlr,minf(vmhd,dinf(dref),stbl(stsd(avc1(avcC,btrt)),stts,stss,ctts,stsc,stsz,stco)))),trak(tkhd,edts(elst),mdia(mdhd,hdlr,minf(smhd,dinf(dref),stbl(stsd(mp4a(esds,btrt)),stts,stsc,stsz,stco,sgpd,sbgp)))),udta(meta(hdlr,ilst)))|free|mdat;"[{""type"":""ftyp""},{""type"":""moov"",""children"":[{""type"":""mvhd""},{""type"":""trak"",""children"":[{""type"":""tkhd""},{""type"":""edts"",""children"":[{""type"":""elst""}]},{""type"":""mdia"",""children"":[{""type"":""mdhd""},{""type"":""hdlr""},{""type"":""minf"",""children"":[{""type"":""vmhd""},{""type"":""dinf"",""children"":[{""type"":""dref""}]},{""type"":""stbl"",""children"":[{""type"":""stsd"",""children"":[{""type"":""avc1"",""children"":[{""type"":""avcC""},{""type"":""btrt""}]}]},{""type"":""stts""},{""type"":""stss""},{""type"":""ctts""},{""type"":""stsc""},{""type"":""stsz""},{""type"":""stco""}]}]}]}]},{""type"":""trak"",""children"":[{""type"":""tkhd""},{""type"":""edts"",""children"":[{""type"":""elst""}]},{""type"":""mdia"",""children"":[{""type"":""mdhd""},{""type"":""hdlr""},{""type"":""minf"",""children"":[{""type"":""smhd""},{""type"":""dinf"",""children"":[{""type"":""dref""}]},{""type"":""stbl"",""children"":[{""type"":""stsd"",""children"":[{""type"":""mp4a"",""children"":[{""type"":""esds""},{""type"":""btrt""}]}]},{""type"":""stts""},{""type"":""stsc""},{""type"":""stsz""},{""type"":""stco""},{""type"":""sgpd""},{""type"":""sbgp""}]}]}]}]},{""type"":""udta"",""children"":[{""type"":""meta"",""children"":[{""type"":""hdlr""},{""type"":""ilst""}]}]}]},{""type"":""free""},{""type"":""mdat""}]"
C:\DB\AI\AI03_Grok_Imagine0.9\AI03_02_df.mp4;AI;AI03;Grok;Imagine0.9;MIXED;DEEPFAKE;MP4;ORIGINAL;False;NATIVE;ftyp|moov(mvhd,trak(tkhd,edts(elst),mdia(mdhd,hdlr,minf(vmhd,dinf(dref),stbl(stsd(avc1(avcC,btrt)),stts,stss,ctts,stsc,stsz,stco)))),trak(tkhd,edts(elst),mdia(mdhd,hdlr,minf(smhd,dinf(dref),stbl(stsd(mp4a(esds,btrt)),stts,stsc,stsz,stco,sgpd,sbgp)))),udta(meta(hdlr,ilst)))|free|mdat;"[{""type"":""ftyp""},{""type"":""moov"",""children"":[{""type"":""mvhd""},{""type"":""trak"",""children"":[{""type"":""tkhd""},{""type"":""edts"",""children"":[{""type"":""elst""}]},{""type"":""mdia"",""children"":[{""type"":""mdhd""},{""type"":""hdlr""},{""type"":""minf"",""children"":[{""type"":""vmhd""},{""type"":""dinf"",""children"":[{""type"":""dref""}]},{""type"":""stbl"",""children"":[{""type"":""stsd"",""children"":[{""type"":""avc1"",""children"":[{""type"":""avcC""},{""type"":""btrt""}]}]},{""type"":""stts""},{""type"":""stss""},{""type"":""ctts""},{""type"":""stsc""},{""type"":""stsz""},{""type"":""stco""}]}]}]}]},{""type"":""trak"",""children"":[{""type"":""tkhd""},{""type"":""edts"",""children"":[{""type"":""elst""}]},{""type"":""mdia"",""children"":[{""type"":""mdhd""},{""type"":""hdlr""},{""type"":""minf"",""children"":[{""type"":""smhd""},{""type"":""dinf"",""children"":[{""type"":""dref""}]},{""type"":""stbl"",""children"":[{""type"":""stsd"",""children"":[{""type"":""mp4a"",""children"":[{""type"":""esds""},{""type"":""btrt""}]}]},{""type"":""stts""},{""type"":""stsc""},{""type"":""stsz""},{""type"":""stco""},{""type"":""sgpd""},{""type"":""sbgp""}]}]}]}]},{""type"":""udta"",""children"":[{""type"":""meta"",""children"":[{""type"":""hdlr""},{""type"":""ilst""}]}]}]},{""type"":""free""},{""type"":""mdat""}]"
C:\DB\AI\AI04_Grok_Imagine1.5\AI04_01_df.mp4;AI;AI04;Grok;Imagine1.5;MIXED;DEEPFAKE;MP4;ORIGINAL;False;NATIVE;ftyp|moov(mvhd,trak(tkhd,edts(elst),mdia(mdhd,hdlr,minf(vmhd,dinf(dref),stbl(stsd(avc1(avcC,btrt)),stts,stss,ctts,stsc,stsz,stco)))),trak(tkhd,edts(elst),mdia(mdhd,hdlr,minf(smhd,dinf(dref),stbl(stsd(mp4a(esds,btrt)),stts,stsc,stsz,stco,sgpd,sbgp)))),udta(meta(hdlr,ilst)))|free|mdat;"[{""type"":""ftyp""},{""type"":""moov"",""children"":[{""type"":""mvhd""},{""type"":""trak"",""children"":[{""type"":""tkhd""},{""type"":""edts"",""children"":[{""type"":""elst""}]},{""type"":""mdia"",""children"":[{""type"":""mdhd""},{""type"":""hdlr""},{""type"":""minf"",""children"":[{""type"":""vmhd""},{""type"":""dinf"",""children"":[{""type"":""dref""}]},{""type"":""stbl"",""children"":[{""type"":""stsd"",""children"":[{""type"":""avc1"",""children"":[{""type"":""avcC""},{""type"":""btrt""}]}]},{""type"":""stts""},{""type"":""stss""},{""type"":""ctts""},{""type"":""stsc""},{""type"":""stsz""},{""type"":""stco""}]}]}]}]},{""type"":""trak"",""children"":[{""type"":""tkhd""},{""type"":""edts"",""children"":[{""type"":""elst""}]},{""type"":""mdia"",""children"":[{""type"":""mdhd""},{""type"":""hdlr""},{""type"":""minf"",""children"":[{""type"":""smhd""},{""type"":""dinf"",""children"":[{""type"":""dref""}]},{""type"":""stbl"",""children"":[{""type"":""stsd"",""children"":[{""type"":""mp4a"",""children"":[{""type"":""esds""},{""type"":""btrt""}]}]},{""type"":""stts""},{""type"":""stsc""},{""type"":""stsz""},{""type"":""stco""},{""type"":""sgpd""},{""type"":""sbgp""}]}]}]}]},{""type"":""udta"",""children"":[{""type"":""meta"",""children"":[{""type"":""hdlr""},{""type"":""ilst""}]}]}]},{""type"":""free""},{""type"":""mdat""}]"
C:\DB\AI\AI04_Grok_Imagine1.5\AI04_02_df.mp4;AI;AI04;Grok;Imagine1.5;MIXED;DEEPFAKE;MP4;ORIGINAL;False;NATIVE;ftyp|moov(mvhd,trak(tkhd,edts(elst),mdia(mdhd,hdlr,minf(vmhd,dinf(dref),stbl(stsd(avc1(avcC,btrt)),stts,stss,ctts,stsc,stsz,stco)))),trak(tkhd,edts(elst),mdia(mdhd,hdlr,minf(smhd,dinf(dref),stbl(stsd(mp4a(esds,btrt)),stts,stsc,stsz,stco,sgpd,sbgp)))),udta(meta(hdlr,ilst)))|free|mdat;"[{""type"":""ftyp""},{""type"":""moov"",""children"":[{""type"":""mvhd""},{""type"":""trak"",""children"":[{""type"":""tkhd""},{""type"":""edts"",""children"":[{""type"":""elst""}]},{""type"":""mdia"",""children"":[{""type"":""mdhd""},{""type"":""hdlr""},{""type"":""minf"",""children"":[{""type"":""vmhd""},{""type"":""dinf"",""children"":[{""type"":""dref""}]},{""type"":""stbl"",""children"":[{""type"":""stsd"",""children"":[{""type"":""avc1"",""children"":[{""type"":""avcC""},{""type"":""btrt""}]}]},{""type"":""stts""},{""type"":""stss""},{""type"":""ctts""},{""type"":""stsc""},{""type"":""stsz""},{""type"":""stco""}]}]}]}]},{""type"":""trak"",""children"":[{""type"":""tkhd""},{""type"":""edts"",""children"":[{""type"":""elst""}]},{""type"":""mdia"",""children"":[{""type"":""mdhd""},{""type"":""hdlr""},{""type"":""minf"",""children"":[{""type"":""smhd""},{""type"":""dinf"",""children"":[{""type"":""dref""}]},{""type"":""stbl"",""children"":[{""type"":""stsd"",""children"":[{""type"":""mp4a"",""children"":[{""type"":""esds""},{""type"":""btrt""}]}]},{""type"":""stts""},{""type"":""stsc""},{""type"":""stsz""},{""type"":""stco""},{""type"":""sgpd""},{""type"":""sbgp""}]}]}]}]},{""type"":""udta"",""children"":[{""type"":""meta"",""children"":[{""type"":""hdlr""},{""type"":""ilst""}]}]}]},{""type"":""free""},{""type"":""mdat""}]"
C:\DB\AI\AI04_Grok_Imagine1.5\AI04_03_df.mp4;AI;AI04;Grok;Imagine1.5;MIXED;DEEPFAKE;MP4;ORIGINAL;False;NATIVE;ftyp|moov(mvhd,trak(tkhd,edts(elst),mdia(mdhd,hdlr,minf(vmhd,dinf(dref),stbl(stsd(avc1(avcC,btrt)),stts,stss,ctts,stsc,stsz,stco)))),trak(tkhd,edts(elst),mdia(mdhd,hdlr,minf(smhd,dinf(dref),stbl(stsd(mp4a(esds,btrt)),stts,stsc,stsz,stco,sgpd,sbgp)))),udta(meta(hdlr,ilst)))|free|mdat;"[{""type"":""ftyp""},{""type"":""moov"",""children"":[{""type"":""mvhd""},{""type"":""trak"",""children"":[{""type"":""tkhd""},{""type"":""edts"",""children"":[{""type"":""elst""}]},{""type"":""mdia"",""children"":[{""type"":""mdhd""},{""type"":""hdlr""},{""type"":""minf"",""children"":[{""type"":""vmhd""},{""type"":""dinf"",""children"":[{""type"":""dref""}]},{""type"":""stbl"",""children"":[{""type"":""stsd"",""children"":[{""type"":""avc1"",""children"":[{""type"":""avcC""},{""type"":""btrt""}]}]},{""type"":""stts""},{""type"":""stss""},{""type"":""ctts""},{""type"":""stsc""},{""type"":""stsz""},{""type"":""stco""}]}]}]}]},{""type"":""trak"",""children"":[{""type"":""tkhd""},{""type"":""edts"",""children"":[{""type"":""elst""}]},{""type"":""mdia"",""children"":[{""type"":""mdhd""},{""type"":""hdlr""},{""type"":""minf"",""children"":[{""type"":""smhd""},{""type"":""dinf"",""children"":[{""type"":""dref""}]},{""type"":""stbl"",""children"":[{""type"":""stsd"",""children"":[{""type"":""mp4a"",""children"":[{""type"":""esds""},{""type"":""btrt""}]}]},{""type"":""stts""},{""type"":""stsc""},{""type"":""stsz""},{""type"":""stco""},{""type"":""sgpd""},{""type"":""sbgp""}]}]}]}]},{""type"":""udta"",""children"":[{""type"":""meta"",""children"":[{""type"":""hdlr""},{""type"":""ilst""}]}]}]},{""type"":""free""},{""type"":""mdat""}]"
C:\DB\AI\AI04_Grok_Imagine1.5\AI04_04_df.mp4;AI;AI04;Grok;Imagine1.5;MIXED;DEEPFAKE;MP4;ORIGINAL;False;NATIVE;ftyp|moov(mvhd,trak(tkhd,edts(elst),mdia(mdhd,hdlr,minf(vmhd,dinf(dref),stbl(stsd(avc1(avcC,btrt)),stts,stss,ctts,stsc,stsz,stco)))),trak(tkhd,edts(elst),mdia(mdhd,hdlr,minf(smhd,dinf(dref),stbl(stsd(mp4a(esds,btrt)),stts,stsc,stsz,stco,sgpd,sbgp)))),udta(meta(hdlr,ilst)))|free|mdat;"[{""type"":""ftyp""},{""type"":""moov"",""children"":[{""type"":""mvhd""},{""type"":""trak"",""children"":[{""type"":""tkhd""},{""type"":""edts"",""children"":[{""type"":""elst""}]},{""type"":""mdia"",""children"":[{""type"":""mdhd""},{""type"":""hdlr""},{""type"":""minf"",""children"":[{""type"":""vmhd""},{""type"":""dinf"",""children"":[{""type"":""dref""}]},{""type"":""stbl"",""children"":[{""type"":""stsd"",""children"":[{""type"":""avc1"",""children"":[{""type"":""avcC""},{""type"":""btrt""}]}]},{""type"":""stts""},{""type"":""stss""},{""type"":""ctts""},{""type"":""stsc""},{""type"":""stsz""},{""type"":""stco""}]}]}]}]},{""type"":""trak"",""children"":[{""type"":""tkhd""},{""type"":""edts"",""children"":[{""type"":""elst""}]},{""type"":""mdia"",""children"":[{""type"":""mdhd""},{""type"":""hdlr""},{""type"":""minf"",""children"":[{""type"":""smhd""},{""type"":""dinf"",""children"":[{""type"":""dref""}]},{""type"":""stbl"",""children"":[{""type"":""stsd"",""children"":[{""type"":""mp4a"",""children"":[{""type"":""esds""},{""type"":""btrt""}]}]},{""type"":""stts""},{""type"":""stsc""},{""type"":""stsz""},{""type"":""stco""},{""type"":""sgpd""},{""type"":""sbgp""}]}]}]}]},{""type"":""udta"",""children"":[{""type"":""meta"",""children"":[{""type"":""hdlr""},{""type"":""ilst""}]}]}]},{""type"":""free""},{""type"":""mdat""}]"
C:\DB\AI\AI04_Grok_Imagine1.5\AI04_05_df.mp4;AI;AI04;Grok;Imagine1.5;MIXED;DEEPFAKE;MP4;ORIGINAL;False;NATIVE;ftyp|moov(mvhd,trak(tkhd,edts(elst),mdia(mdhd,hdlr,minf(vmhd,dinf(dref),stbl(stsd(avc1(avcC,btrt)),stts,stss,ctts,stsc,stsz,stco)))),trak(tkhd,edts(elst),mdia(mdhd,hdlr,minf(smhd,dinf(dref),stbl(stsd(mp4a(esds,btrt)),stts,stsc,stsz,stco,sgpd,sbgp)))),udta(meta(hdlr,ilst)))|free|mdat;"[{""type"":""ftyp""},{""type"":""moov"",""children"":[{""type"":""mvhd""},{""type"":""trak"",""children"":[{""type"":""tkhd""},{""type"":""edts"",""children"":[{""type"":""elst""}]},{""type"":""mdia"",""children"":[{""type"":""mdhd""},{""type"":""hdlr""},{""type"":""minf"",""children"":[{""type"":""vmhd""},{""type"":""dinf"",""children"":[{""type"":""dref""}]},{""type"":""stbl"",""children"":[{""type"":""stsd"",""children"":[{""type"":""avc1"",""children"":[{""type"":""avcC""},{""type"":""btrt""}]}]},{""type"":""stts""},{""type"":""stss""},{""type"":""ctts""},{""type"":""stsc""},{""type"":""stsz""},{""type"":""stco""}]}]}]}]},{""type"":""trak"",""children"":[{""type"":""tkhd""},{""type"":""edts"",""children"":[{""type"":""elst""}]},{""type"":""mdia"",""children"":[{""type"":""mdhd""},{""type"":""hdlr""},{""type"":""minf"",""children"":[{""type"":""smhd""},{""type"":""dinf"",""children"":[{""type"":""dref""}]},{""type"":""stbl"",""children"":[{""type"":""stsd"",""children"":[{""type"":""mp4a"",""children"":[{""type"":""esds""},{""type"":""btrt""}]}]},{""type"":""stts""},{""type"":""stsc""},{""type"":""stsz""},{""type"":""stco""},{""type"":""sgpd""},{""type"":""sbgp""}]}]}]}]},{""type"":""udta"",""children"":[{""type"":""meta"",""children"":[{""type"":""hdlr""},{""type"":""ilst""}]}]}]},{""type"":""free""},{""type"":""mdat""}]"
C:\DB\AI\AI04_Grok_Imagine1.5\AI04_06_df.mp4;AI;AI04;Grok;Imagine1.5;MIXED;DEEPFAKE;MP4;ORIGINAL;False;NATIVE;ftyp|moov(mvhd,trak(tkhd,edts(elst),mdia(mdhd,hdlr,minf(vmhd,dinf(dref),stbl(stsd(avc1(avcC,btrt)),stts,stss,ctts,stsc,stsz,stco)))),trak(tkhd,edts(elst),mdia(mdhd,hdlr,minf(smhd,dinf(dref),stbl(stsd(mp4a(esds,btrt)),stts,stsc,stsz,stco,sgpd,sbgp)))),udta(meta(hdlr,ilst)))|free|mdat;"[{""type"":""ftyp""},{""type"":""moov"",""children"":[{""type"":""mvhd""},{""type"":""trak"",""children"":[{""type"":""tkhd""},{""type"":""edts"",""children"":[{""type"":""elst""}]},{""type"":""mdia"",""children"":[{""type"":""mdhd""},{""type"":""hdlr""},{""type"":""minf"",""children"":[{""type"":""vmhd""},{""type"":""dinf"",""children"":[{""type"":""dref""}]},{""type"":""stbl"",""children"":[{""type"":""stsd"",""children"":[{""type"":""avc1"",""children"":[{""type"":""avcC""},{""type"":""btrt""}]}]},{""type"":""stts""},{""type"":""stss""},{""type"":""ctts""},{""type"":""stsc""},{""type"":""stsz""},{""type"":""stco""}]}]}]}]},{""type"":""trak"",""children"":[{""type"":""tkhd""},{""type"":""edts"",""children"":[{""type"":""elst""}]},{""type"":""mdia"",""children"":[{""type"":""mdhd""},{""type"":""hdlr""},{""type"":""minf"",""children"":[{""type"":""smhd""},{""type"":""dinf"",""children"":[{""type"":""dref""}]},{""type"":""stbl"",""children"":[{""type"":""stsd"",""children"":[{""type"":""mp4a"",""children"":[{""type"":""esds""},{""type"":""btrt""}]}]},{""type"":""stts""},{""type"":""stsc""},{""type"":""stsz""},{""type"":""stco""},{""type"":""sgpd""},{""type"":""sbgp""}]}]}]}]},{""type"":""udta"",""children"":[{""type"":""meta"",""children"":[{""type"":""hdlr""},{""type"":""ilst""}]}]}]},{""type"":""free""},{""type"":""mdat""}]"
C:\DB\AI\AI04_Grok_Imagine1.5\AI04_07_df.mp4;AI;AI04;Grok;Imagine1.5;MIXED;DEEPFAKE;MP4;ORIGINAL;False;NATIVE;ftyp|moov(mvhd,trak(tkhd,edts(elst),mdia(mdhd,hdlr,minf(vmhd,dinf(dref),stbl(stsd(avc1(avcC,btrt)),stts,stss,ctts,stsc,stsz,stco)))),trak(tkhd,edts(elst),mdia(mdhd,hdlr,minf(smhd,dinf(dref),stbl(stsd(mp4a(esds,btrt)),stts,stsc,stsz,stco,sgpd,sbgp)))),udta(meta(hdlr,ilst)))|free|mdat;"[{""type"":""ftyp""},{""type"":""moov"",""children"":[{""type"":""mvhd""},{""type"":""trak"",""children"":[{""type"":""tkhd""},{""type"":""edts"",""children"":[{""type"":""elst""}]},{""type"":""mdia"",""children"":[{""type"":""mdhd""},{""type"":""hdlr""},{""type"":""minf"",""children"":[{""type"":""vmhd""},{""type"":""dinf"",""children"":[{""type"":""dref""}]},{""type"":""stbl"",""children"":[{""type"":""stsd"",""children"":[{""type"":""avc1"",""children"":[{""type"":""avcC""},{""type"":""btrt""}]}]},{""type"":""stts""},{""type"":""stss""},{""type"":""ctts""},{""type"":""stsc""},{""type"":""stsz""},{""type"":""stco""}]}]}]}]},{""type"":""trak"",""children"":[{""type"":""tkhd""},{""type"":""edts"",""children"":[{""type"":""elst""}]},{""type"":""mdia"",""children"":[{""type"":""mdhd""},{""type"":""hdlr""},{""type"":""minf"",""children"":[{""type"":""smhd""},{""type"":""dinf"",""children"":[{""type"":""dref""}]},{""type"":""stbl"",""children"":[{""type"":""stsd"",""children"":[{""type"":""mp4a"",""children"":[{""type"":""esds""},{""type"":""btrt""}]}]},{""type"":""stts""},{""type"":""stsc""},{""type"":""stsz""},{""type"":""stco""},{""type"":""sgpd""},{""type"":""sbgp""}]}]}]}]},{""type"":""udta"",""children"":[{""type"":""meta"",""children"":[{""type"":""hdlr""},{""type"":""ilst""}]}]}]},{""type"":""free""},{""type"":""mdat""}]"
C:\DB\AI\AI04_Grok_Imagine1.5\AI04_08_df.mp4;AI;AI04;Grok;Imagine1.5;MIXED;DEEPFAKE;MP4;ORIGINAL;False;NATIVE;ftyp|moov(mvhd,trak(tkhd,edts(elst),mdia(mdhd,hdlr,minf(vmhd,dinf(dref),stbl(stsd(avc1(avcC,btrt)),stts,stss,ctts,stsc,stsz,stco)))),trak(tkhd,edts(elst),mdia(mdhd,hdlr,minf(smhd,dinf(dref),stbl(stsd(mp4a(esds,btrt)),stts,stsc,stsz,stco,sgpd,sbgp)))),udta(meta(hdlr,ilst)))|free|mdat;"[{""type"":""ftyp""},{""type"":""moov"",""children"":[{""type"":""mvhd""},{""type"":""trak"",""children"":[{""type"":""tkhd""},{""type"":""edts"",""children"":[{""type"":""elst""}]},{""type"":""mdia"",""children"":[{""type"":""mdhd""},{""type"":""hdlr""},{""type"":""minf"",""children"":[{""type"":""vmhd""},{""type"":""dinf"",""children"":[{""type"":""dref""}]},{""type"":""stbl"",""children"":[{""type"":""stsd"",""children"":[{""type"":""avc1"",""children"":[{""type"":""avcC""},{""type"":""btrt""}]}]},{""type"":""stts""},{""type"":""stss""},{""type"":""ctts""},{""type"":""stsc""},{""type"":""stsz""},{""type"":""stco""}]}]}]}]},{""type"":""trak"",""children"":[{""type"":""tkhd""},{""type"":""edts"",""children"":[{""type"":""elst""}]},{""type"":""mdia"",""children"":[{""type"":""mdhd""},{""type"":""hdlr""},{""type"":""minf"",""children"":[{""type"":""smhd""},{""type"":""dinf"",""children"":[{""type"":""dref""}]},{""type"":""stbl"",""children"":[{""type"":""stsd"",""children"":[{""type"":""mp4a"",""children"":[{""type"":""esds""},{""type"":""btrt""}]}]},{""type"":""stts""},{""type"":""stsc""},{""type"":""stsz""},{""type"":""stco""},{""type"":""sgpd""},{""type"":""sbgp""}]}]}]}]},{""type"":""udta"",""children"":[{""type"":""meta"",""children"":[{""type"":""hdlr""},{""type"":""ilst""}]}]}]},{""type"":""free""},{""type"":""mdat""}]"
C:\DB\AI\AI04_Grok_Imagine1.5\AI04_09_synth.mp4;AI;AI04;Grok;Imagine1.5;AI_GENERATION;SYNTHETIC;MP4;ORIGINAL;False;NATIVE;ftyp|moov(mvhd,trak(tkhd,edts(elst),mdia(mdhd,hdlr,minf(vmhd,dinf(dref),stbl(stsd(avc1(avcC,btrt)),stts,stss,ctts,stsc,stsz,stco)))),trak(tkhd,edts(elst),mdia(mdhd,hdlr,minf(smhd,dinf(dref),stbl(stsd(mp4a(esds,btrt)),stts,stsc,stsz,stco,sgpd,sbgp)))),udta(meta(hdlr,ilst)))|free|mdat;"[{""type"":""ftyp""},{""type"":""moov"",""children"":[{""type"":""mvhd""},{""type"":""trak"",""children"":[{""type"":""tkhd""},{""type"":""edts"",""children"":[{""type"":""elst""}]},{""type"":""mdia"",""children"":[{""type"":""mdhd""},{""type"":""hdlr""},{""type"":""minf"",""children"":[{""type"":""vmhd""},{""type"":""dinf"",""children"":[{""type"":""dref""}]},{""type"":""stbl"",""children"":[{""type"":""stsd"",""children"":[{""type"":""avc1"",""children"":[{""type"":""avcC""},{""type"":""btrt""}]}]},{""type"":""stts""},{""type"":""stss""},{""type"":""ctts""},{""type"":""stsc""},{""type"":""stsz""},{""type"":""stco""}]}]}]}]},{""type"":""trak"",""children"":[{""type"":""tkhd""},{""type"":""edts"",""children"":[{""type"":""elst""}]},{""type"":""mdia"",""children"":[{""type"":""mdhd""},{""type"":""hdlr""},{""type"":""minf"",""children"":[{""type"":""smhd""},{""type"":""dinf"",""children"":[{""type"":""dref""}]},{""type"":""stbl"",""children"":[{""type"":""stsd"",""children"":[{""type"":""mp4a"",""children"":[{""type"":""esds""},{""type"":""btrt""}]}]},{""type"":""stts""},{""type"":""stsc""},{""type"":""stsz""},{""type"":""stco""},{""type"":""sgpd""},{""type"":""sbgp""}]}]}]}]},{""type"":""udta"",""children"":[{""type"":""meta"",""children"":[{""type"":""hdlr""},{""type"":""ilst""}]}]}]},{""type"":""free""},{""type"":""mdat""}]"
C:\DB\AI\AI04_Grok_Imagine1.5\AI04_10_synth.mp4;AI;AI04;Grok;Imagine1.5;AI_GENERATION;SYNTHETIC;MP4;ORIGINAL;False;NATIVE;ftyp|moov(mvhd,trak(tkhd,edts(elst),mdia(mdhd,hdlr,minf(vmhd,dinf(dref),stbl(stsd(avc1(avcC,btrt)),stts,stss,ctts,stsc,stsz,stco)))),trak(tkhd,edts(elst),mdia(mdhd,hdlr,minf(smhd,dinf(dref),stbl(stsd(mp4a(esds,btrt)),stts,stsc,stsz,stco,sgpd,sbgp)))),udta(meta(hdlr,ilst)))|free|mdat;"[{""type"":""ftyp""},{""type"":""moov"",""children"":[{""type"":""mvhd""},{""type"":""trak"",""children"":[{""type"":""tkhd""},{""type"":""edts"",""children"":[{""type"":""elst""}]},{""type"":""mdia"",""children"":[{""type"":""mdhd""},{""type"":""hdlr""},{""type"":""minf"",""children"":[{""type"":""vmhd""},{""type"":""dinf"",""children"":[{""type"":""dref""}]},{""type"":""stbl"",""children"":[{""type"":""stsd"",""children"":[{""type"":""avc1"",""children"":[{""type"":""avcC""},{""type"":""btrt""}]}]},{""type"":""stts""},{""type"":""stss""},{""type"":""ctts""},{""type"":""stsc""},{""type"":""stsz""},{""type"":""stco""}]}]}]}]},{""type"":""trak"",""children"":[{""type"":""tkhd""},{""type"":""edts"",""children"":[{""type"":""elst""}]},{""type"":""mdia"",""children"":[{""type"":""mdhd""},{""type"":""hdlr""},{""type"":""minf"",""children"":[{""type"":""smhd""},{""type"":""dinf"",""children"":[{""type"":""dref""}]},{""type"":""stbl"",""children"":[{""type"":""stsd"",""children"":[{""type"":""mp4a"",""children"":[{""type"":""esds""},{""type"":""btrt""}]}]},{""type"":""stts""},{""type"":""stsc""},{""type"":""stsz""},{""type"":""stco""},{""type"":""sgpd""},{""type"":""sbgp""}]}]}]}]},{""type"":""udta"",""children"":[{""type"":""meta"",""children"":[{""type"":""hdlr""},{""type"":""ilst""}]}]}]},{""type"":""free""},{""type"":""mdat""}]"
C:\DB\AI\AI04_Grok_Imagine1.5\AI04_11_synth.mp4;AI;AI04;Grok;Imagine1.5;AI_GENERATION;SYNTHETIC;MP4;ORIGINAL;False;NATIVE;ftyp|moov(mvhd,trak(tkhd,edts(elst),mdia(mdhd,hdlr,minf(vmhd,dinf(dref),stbl(stsd(avc1(avcC,btrt)),stts,stss,ctts,stsc,stsz,stco)))),trak(tkhd,edts(elst),mdia(mdhd,hdlr,minf(smhd,dinf(dref),stbl(stsd(mp4a(esds,btrt)),stts,stsc,stsz,stco,sgpd,sbgp)))),udta(meta(hdlr,ilst)))|free|mdat;"[{""type"":""ftyp""},{""type"":""moov"",""children"":[{""type"":""mvhd""},{""type"":""trak"",""children"":[{""type"":""tkhd""},{""type"":""edts"",""children"":[{""type"":""elst""}]},{""type"":""mdia"",""children"":[{""type"":""mdhd""},{""type"":""hdlr""},{""type"":""minf"",""children"":[{""type"":""vmhd""},{""type"":""dinf"",""children"":[{""type"":""dref""}]},{""type"":""stbl"",""children"":[{""type"":""stsd"",""children"":[{""type"":""avc1"",""children"":[{""type"":""avcC""},{""type"":""btrt""}]}]},{""type"":""stts""},{""type"":""stss""},{""type"":""ctts""},{""type"":""stsc""},{""type"":""stsz""},{""type"":""stco""}]}]}]}]},{""type"":""trak"",""children"":[{""type"":""tkhd""},{""type"":""edts"",""children"":[{""type"":""elst""}]},{""type"":""mdia"",""children"":[{""type"":""mdhd""},{""type"":""hdlr""},{""type"":""minf"",""children"":[{""type"":""smhd""},{""type"":""dinf"",""children"":[{""type"":""dref""}]},{""type"":""stbl"",""children"":[{""type"":""stsd"",""children"":[{""type"":""mp4a"",""children"":[{""type"":""esds""},{""type"":""btrt""}]}]},{""type"":""stts""},{""type"":""stsc""},{""type"":""stsz""},{""type"":""stco""},{""type"":""sgpd""},{""type"":""sbgp""}]}]}]}]},{""type"":""udta"",""children"":[{""type"":""meta"",""children"":[{""type"":""hdlr""},{""type"":""ilst""}]}]}]},{""type"":""free""},{""type"":""mdat""}]"
C:\DB\AI\AI04_Grok_Imagine1.5\AI04_12_synth.mp4;AI;AI04;Grok;Imagine1.5;AI_GENERATION;SYNTHETIC;MP4;ORIGINAL;False;NATIVE;ftyp|moov(mvhd,trak(tkhd,edts(elst),mdia(mdhd,hdlr,minf(vmhd,dinf(dref),stbl(stsd(avc1(avcC,btrt)),stts,stss,ctts,stsc,stsz,stco)))),trak(tkhd,edts(elst),mdia(mdhd,hdlr,minf(smhd,dinf(dref),stbl(stsd(mp4a(esds,btrt)),stts,stsc,stsz,stco,sgpd,sbgp)))),udta(meta(hdlr,ilst)))|free|mdat;"[{""type"":""ftyp""},{""type"":""moov"",""children"":[{""type"":""mvhd""},{""type"":""trak"",""children"":[{""type"":""tkhd""},{""type"":""edts"",""children"":[{""type"":""elst""}]},{""type"":""mdia"",""children"":[{""type"":""mdhd""},{""type"":""hdlr""},{""type"":""minf"",""children"":[{""type"":""vmhd""},{""type"":""dinf"",""children"":[{""type"":""dref""}]},{""type"":""stbl"",""children"":[{""type"":""stsd"",""children"":[{""type"":""avc1"",""children"":[{""type"":""avcC""},{""type"":""btrt""}]}]},{""type"":""stts""},{""type"":""stss""},{""type"":""ctts""},{""type"":""stsc""},{""type"":""stsz""},{""type"":""stco""}]}]}]}]},{""type"":""trak"",""children"":[{""type"":""tkhd""},{""type"":""edts"",""children"":[{""type"":""elst""}]},{""type"":""mdia"",""children"":[{""type"":""mdhd""},{""type"":""hdlr""},{""type"":""minf"",""children"":[{""type"":""smhd""},{""type"":""dinf"",""children"":[{""type"":""dref""}]},{""type"":""stbl"",""children"":[{""type"":""stsd"",""children"":[{""type"":""mp4a"",""children"":[{""type"":""esds""},{""type"":""btrt""}]}]},{""type"":""stts""},{""type"":""stsc""},{""type"":""stsz""},{""type"":""stco""},{""type"":""sgpd""},{""type"":""sbgp""}]}]}]}]},{""type"":""udta"",""children"":[{""type"":""meta"",""children"":[{""type"":""hdlr""},{""type"":""ilst""}]}]}]},{""type"":""free""},{""type"":""mdat""}]"
C:\DB\AI\AI04_Grok_Imagine1.5\AI04_14_df.mp4;AI;AI04;Grok;Imagine1.5;MIXED;DEEPFAKE;MP4;ORIGINAL;False;NATIVE;ftyp|moov(mvhd,trak(tkhd,edts(elst),mdia(mdhd,hdlr,minf(vmhd,dinf(dref),stbl(stsd(avc1(avcC,colr,btrt)),stts,stss,ctts,stsc,stsz,stco)))),trak(tkhd,edts(elst),mdia(mdhd,hdlr,minf(smhd,dinf(dref),stbl(stsd(mp4a(esds,btrt)),stts,stsc,stsz,stco,sgpd,sbgp)))),udta(meta(hdlr,ilst)))|free|mdat;"[{""type"":""ftyp""},{""type"":""moov"",""children"":[{""type"":""mvhd""},{""type"":""trak"",""children"":[{""type"":""tkhd""},{""type"":""edts"",""children"":[{""type"":""elst""}]},{""type"":""mdia"",""children"":[{""type"":""mdhd""},{""type"":""hdlr""},{""type"":""minf"",""children"":[{""type"":""vmhd""},{""type"":""dinf"",""children"":[{""type"":""dref""}]},{""type"":""stbl"",""children"":[{""type"":""stsd"",""children"":[{""type"":""avc1"",""children"":[{""type"":""avcC""},{""type"":""colr""},{""type"":""btrt""}]}]},{""type"":""stts""},{""type"":""stss""},{""type"":""ctts""},{""type"":""stsc""},{""type"":""stsz""},{""type"":""stco""}]}]}]}]},{""type"":""trak"",""children"":[{""type"":""tkhd""},{""type"":""edts"",""children"":[{""type"":""elst""}]},{""type"":""mdia"",""children"":[{""type"":""mdhd""},{""type"":""hdlr""},{""type"":""minf"",""children"":[{""type"":""smhd""},{""type"":""dinf"",""children"":[{""type"":""dref""}]},{""type"":""stbl"",""children"":[{""type"":""stsd"",""children"":[{""type"":""mp4a"",""children"":[{""type"":""esds""},{""type"":""btrt""}]}]},{""type"":""stts""},{""type"":""stsc""},{""type"":""stsz""},{""type"":""stco""},{""type"":""sgpd""},{""type"":""sbgp""}]}]}]}]},{""type"":""udta"",""children"":[{""type"":""meta"",""children"":[{""type"":""hdlr""},{""type"":""ilst""}]}]}]},{""type"":""free""},{""type"":""mdat""}]"
C:\DB\AI\AI04_Grok_Imagine1.5\AI04_15_df.mp4;AI;AI04;Grok;Imagine1.5;MIXED;DEEPFAKE;MP4;ORIGINAL;False;NATIVE;ftyp|moov(mvhd,trak(tkhd,edts(elst),mdia(mdhd,hdlr,minf(vmhd,dinf(dref),stbl(stsd(avc1(avcC,colr,btrt)),stts,stss,ctts,stsc,stsz,stco)))),trak(tkhd,edts(elst),mdia(mdhd,hdlr,minf(smhd,dinf(dref),stbl(stsd(mp4a(esds,btrt)),stts,stsc,stsz,stco,sgpd,sbgp)))),udta(meta(hdlr,ilst)))|free|mdat;"[{""type"":""ftyp""},{""type"":""moov"",""children"":[{""type"":""mvhd""},{""type"":""trak"",""children"":[{""type"":""tkhd""},{""type"":""edts"",""children"":[{""type"":""elst""}]},{""type"":""mdia"",""children"":[{""type"":""mdhd""},{""type"":""hdlr""},{""type"":""minf"",""children"":[{""type"":""vmhd""},{""type"":""dinf"",""children"":[{""type"":""dref""}]},{""type"":""stbl"",""children"":[{""type"":""stsd"",""children"":[{""type"":""avc1"",""children"":[{""type"":""avcC""},{""type"":""colr""},{""type"":""btrt""}]}]},{""type"":""stts""},{""type"":""stss""},{""type"":""ctts""},{""type"":""stsc""},{""type"":""stsz""},{""type"":""stco""}]}]}]}]},{""type"":""trak"",""children"":[{""type"":""tkhd""},{""type"":""edts"",""children"":[{""type"":""elst""}]},{""type"":""mdia"",""children"":[{""type"":""mdhd""},{""type"":""hdlr""},{""type"":""minf"",""children"":[{""type"":""smhd""},{""type"":""dinf"",""children"":[{""type"":""dref""}]},{""type"":""stbl"",""children"":[{""type"":""stsd"",""children"":[{""type"":""mp4a"",""children"":[{""type"":""esds""},{""type"":""btrt""}]}]},{""type"":""stts""},{""type"":""stsc""},{""type"":""stsz""},{""type"":""stco""},{""type"":""sgpd""},{""type"":""sbgp""}]}]}]}]},{""type"":""udta"",""children"":[{""type"":""meta"",""children"":[{""type"":""hdlr""},{""type"":""ilst""}]}]}]},{""type"":""free""},{""type"":""mdat""}]"
C:\DB\AI\AI05_KlingAI_KlingAIVideo2.6\AI05_01_synth.mp4;AI;AI05;KlingAI;KlingAIVideo2.6;AI_GENERATION;SYNTHETIC;MP4;ORIGINAL;False;NATIVE;ftyp|moov(mvhd,trak(tkhd,edts(elst),mdia(mdhd,hdlr,minf(smhd,dinf(dref),stbl(stsd(mp4a(esds,btrt)),stts,stsc,stsz,stco,sgpd,sbgp)))),trak(tkhd,edts(elst),mdia(mdhd,hdlr,minf(vmhd,dinf(dref),stbl(stsd(avc1(avcC,btrt)),stts,stss,ctts,stsc,stsz,stco)))),udta(meta(hdlr,keys,ilst)))|free|mdat;"[{""type"":""ftyp""},{""type"":""moov"",""children"":[{""type"":""mvhd""},{""type"":""trak"",""children"":[{""type"":""tkhd""},{""type"":""edts"",""children"":[{""type"":""elst""}]},{""type"":""mdia"",""children"":[{""type"":""mdhd""},{""type"":""hdlr""},{""type"":""minf"",""children"":[{""type"":""smhd""},{""type"":""dinf"",""children"":[{""type"":""dref""}]},{""type"":""stbl"",""children"":[{""type"":""stsd"",""children"":[{""type"":""mp4a"",""children"":[{""type"":""esds""},{""type"":""btrt""}]}]},{""type"":""stts""},{""type"":""stsc""},{""type"":""stsz""},{""type"":""stco""},{""type"":""sgpd""},{""type"":""sbgp""}]}]}]}]},{""type"":""trak"",""children"":[{""type"":""tkhd""},{""type"":""edts"",""children"":[{""type"":""elst""}]},{""type"":""mdia"",""children"":[{""type"":""mdhd""},{""type"":""hdlr""},{""type"":""minf"",""children"":[{""type"":""vmhd""},{""type"":""dinf"",""children"":[{""type"":""dref""}]},{""type"":""stbl"",""children"":[{""type"":""stsd"",""children"":[{""type"":""avc1"",""children"":[{""type"":""avcC""},{""type"":""btrt""}]}]},{""type"":""stts""},{""type"":""stss""},{""type"":""ctts""},{""type"":""stsc""},{""type"":""stsz""},{""type"":""stco""}]}]}]}]},{""type"":""udta"",""children"":[{""type"":""meta"",""children"":[{""type"":""hdlr""},{""type"":""keys""},{""type"":""ilst""}]}]}]},{""type"":""free""},{""type"":""mdat""}]"
C:\DB\AI\AI05_KlingAI_KlingAIVideo2.6\AI05_02_synth.mp4;AI;AI05;KlingAI;KlingAIVideo2.6;AI_GENERATION;SYNTHETIC;MP4;ORIGINAL;False;NATIVE;ftyp|moov(mvhd,trak(tkhd,edts(elst),mdia(mdhd,hdlr,minf(vmhd,dinf(dref),stbl(stsd(avc1(avcC,btrt)),stts,stss,ctts,stsc,stsz,stco)))),udta(meta(hdlr,keys,ilst)))|free|mdat;"[{""type"":""ftyp""},{""type"":""moov"",""children"":[{""type"":""mvhd""},{""type"":""trak"",""children"":[{""type"":""tkhd""},{""type"":""edts"",""children"":[{""type"":""elst""}]},{""type"":""mdia"",""children"":[{""type"":""mdhd""},{""type"":""hdlr""},{""type"":""minf"",""children"":[{""type"":""vmhd""},{""type"":""dinf"",""children"":[{""type"":""dref""}]},{""type"":""stbl"",""children"":[{""type"":""stsd"",""children"":[{""type"":""avc1"",""children"":[{""type"":""avcC""},{""type"":""btrt""}]}]},{""type"":""stts""},{""type"":""stss""},{""type"":""ctts""},{""type"":""stsc""},{""type"":""stsz""},{""type"":""stco""}]}]}]}]},{""type"":""udta"",""children"":[{""type"":""meta"",""children"":[{""type"":""hdlr""},{""type"":""keys""},{""type"":""ilst""}]}]}]},{""type"":""free""},{""type"":""mdat""}]"
C:\DB\AI\AI06_KlingAI_KlingAIVideo3.0\AI06_01_synth.mp4;AI;AI06;KlingAI;KlingAIVideo3.0;AI_GENERATION;SYNTHETIC;MP4;ORIGINAL;False;NATIVE;ftyp|moov(mvhd,trak(tkhd,edts(elst),mdia(mdhd,hdlr,minf(vmhd,dinf(dref),stbl(stsd(avc1(avcC,btrt)),stts,stss,ctts,stsc,stsz,stco)))),udta(meta(hdlr,keys,ilst)))|free|mdat;"[{""type"":""ftyp""},{""type"":""moov"",""children"":[{""type"":""mvhd""},{""type"":""trak"",""children"":[{""type"":""tkhd""},{""type"":""edts"",""children"":[{""type"":""elst""}]},{""type"":""mdia"",""children"":[{""type"":""mdhd""},{""type"":""hdlr""},{""type"":""minf"",""children"":[{""type"":""vmhd""},{""type"":""dinf"",""children"":[{""type"":""dref""}]},{""type"":""stbl"",""children"":[{""type"":""stsd"",""children"":[{""type"":""avc1"",""children"":[{""type"":""avcC""},{""type"":""btrt""}]}]},{""type"":""stts""},{""type"":""stss""},{""type"":""ctts""},{""type"":""stsc""},{""type"":""stsz""},{""type"":""stco""}]}]}]}]},{""type"":""udta"",""children"":[{""type"":""meta"",""children"":[{""type"":""hdlr""},{""type"":""keys""},{""type"":""ilst""}]}]}]},{""type"":""free""},{""type"":""mdat""}]"
C:\DB\AI\AI06_KlingAI_KlingAIVideo3.0\AI06_02_synth.mp4;AI;AI06;KlingAI;KlingAIVideo3.0;AI_GENERATION;SYNTHETIC;MP4;ORIGINAL;False;NATIVE;ftyp|moov(mvhd,trak(tkhd,edts(elst),mdia(mdhd,hdlr,minf(vmhd,dinf(dref),stbl(stsd(avc1(avcC,btrt)),stts,stss,ctts,stsc,stsz,stco)))),udta(meta(hdlr,keys,ilst)))|free|mdat;"[{""type"":""ftyp""},{""type"":""moov"",""children"":[{""type"":""mvhd""},{""type"":""trak"",""children"":[{""type"":""tkhd""},{""type"":""edts"",""children"":[{""type"":""elst""}]},{""type"":""mdia"",""children"":[{""type"":""mdhd""},{""type"":""hdlr""},{""type"":""minf"",""children"":[{""type"":""vmhd""},{""type"":""dinf"",""children"":[{""type"":""dref""}]},{""type"":""stbl"",""children"":[{""type"":""stsd"",""children"":[{""type"":""avc1"",""children"":[{""type"":""avcC""},{""type"":""btrt""}]}]},{""type"":""stts""},{""type"":""stss""},{""type"":""ctts""},{""type"":""stsc""},{""type"":""stsz""},{""type"":""stco""}]}]}]}]},{""type"":""udta"",""children"":[{""type"":""meta"",""children"":[{""type"":""hdlr""},{""type"":""keys""},{""type"":""ilst""}]}]}]},{""type"":""free""},{""type"":""mdat""}]"
C:\DB\AI\AI07_MicrosoftBing_Sora2\AI07_01_synth.mp4;AI;AI07;MicrosoftBing;Sora2;AI_GENERATION;SYNTHETIC;MP4;ORIGINAL;False;NATIVE;ftyp|uuid|moov(mvhd,trak(tkhd,edts(elst),mdia(mdhd,hdlr,minf(vmhd,dinf(dref),stbl(stsd(avc1(avcC,btrt)),stts,stss,ctts,stsc,stsz,stco)))),trak(tkhd,edts(elst),mdia(mdhd,hdlr,minf(smhd,dinf(dref),stbl(stsd(mp4a(esds,btrt)),stts,stsc,stsz,stco,sgpd,sbgp)))),udta(meta(hdlr,ilst)))|free|mdat;"[{""type"":""ftyp""},{""type"":""uuid""},{""type"":""moov"",""children"":[{""type"":""mvhd""},{""type"":""trak"",""children"":[{""type"":""tkhd""},{""type"":""edts"",""children"":[{""type"":""elst""}]},{""type"":""mdia"",""children"":[{""type"":""mdhd""},{""type"":""hdlr""},{""type"":""minf"",""children"":[{""type"":""vmhd""},{""type"":""dinf"",""children"":[{""type"":""dref""}]},{""type"":""stbl"",""children"":[{""type"":""stsd"",""children"":[{""type"":""avc1"",""children"":[{""type"":""avcC""},{""type"":""btrt""}]}]},{""type"":""stts""},{""type"":""stss""},{""type"":""ctts""},{""type"":""stsc""},{""type"":""stsz""},{""type"":""stco""}]}]}]}]},{""type"":""trak"",""children"":[{""type"":""tkhd""},{""type"":""edts"",""children"":[{""type"":""elst""}]},{""type"":""mdia"",""children"":[{""type"":""mdhd""},{""type"":""hdlr""},{""type"":""minf"",""children"":[{""type"":""smhd""},{""type"":""dinf"",""children"":[{""type"":""dref""}]},{""type"":""stbl"",""children"":[{""type"":""stsd"",""children"":[{""type"":""mp4a"",""children"":[{""type"":""esds""},{""type"":""btrt""}]}]},{""type"":""stts""},{""type"":""stsc""},{""type"":""stsz""},{""type"":""stco""},{""type"":""sgpd""},{""type"":""sbgp""}]}]}]}]},{""type"":""udta"",""children"":[{""type"":""meta"",""children"":[{""type"":""hdlr""},{""type"":""ilst""}]}]}]},{""type"":""free""},{""type"":""mdat""}]"
C:\DB\AI\AI07_MicrosoftBing_Sora2\AI07_02_synth.mp4;AI;AI07;MicrosoftBing;Sora2;AI_GENERATION;SYNTHETIC;MP4;ORIGINAL;False;NATIVE;ftyp|uuid|moov(mvhd,trak(tkhd,edts(elst),mdia(mdhd,hdlr,minf(vmhd,dinf(dref),stbl(stsd(avc1(avcC,btrt)),stts,stss,ctts,stsc,stsz,stco)))),trak(tkhd,edts(elst),mdia(mdhd,hdlr,minf(smhd,dinf(dref),stbl(stsd(mp4a(esds,btrt)),stts,stsc,stsz,stco,sgpd,sbgp)))),udta(meta(hdlr,ilst)))|free|mdat;"[{""type"":""ftyp""},{""type"":""uuid""},{""type"":""moov"",""children"":[{""type"":""mvhd""},{""type"":""trak"",""children"":[{""type"":""tkhd""},{""type"":""edts"",""children"":[{""type"":""elst""}]},{""type"":""mdia"",""children"":[{""type"":""mdhd""},{""type"":""hdlr""},{""type"":""minf"",""children"":[{""type"":""vmhd""},{""type"":""dinf"",""children"":[{""type"":""dref""}]},{""type"":""stbl"",""children"":[{""type"":""stsd"",""children"":[{""type"":""avc1"",""children"":[{""type"":""avcC""},{""type"":""btrt""}]}]},{""type"":""stts""},{""type"":""stss""},{""type"":""ctts""},{""type"":""stsc""},{""type"":""stsz""},{""type"":""stco""}]}]}]}]},{""type"":""trak"",""children"":[{""type"":""tkhd""},{""type"":""edts"",""children"":[{""type"":""elst""}]},{""type"":""mdia"",""children"":[{""type"":""mdhd""},{""type"":""hdlr""},{""type"":""minf"",""children"":[{""type"":""smhd""},{""type"":""dinf"",""children"":[{""type"":""dref""}]},{""type"":""stbl"",""children"":[{""type"":""stsd"",""children"":[{""type"":""mp4a"",""children"":[{""type"":""esds""},{""type"":""btrt""}]}]},{""type"":""stts""},{""type"":""stsc""},{""type"":""stsz""},{""type"":""stco""},{""type"":""sgpd""},{""type"":""sbgp""}]}]}]}]},{""type"":""udta"",""children"":[{""type"":""meta"",""children"":[{""type"":""hdlr""},{""type"":""ilst""}]}]}]},{""type"":""free""},{""type"":""mdat""}]"
C:\DB\AI\AI07_MicrosoftBing_Sora2\AI07_03_synth.mp4;AI;AI07;MicrosoftBing;Sora2;AI_GENERATION;SYNTHETIC;MP4;ORIGINAL;False;NATIVE;ftyp|uuid|moov(mvhd,trak(tkhd,edts(elst),mdia(mdhd,hdlr,minf(vmhd,dinf(dref),stbl(stsd(avc1(avcC,btrt)),stts,stss,ctts,stsc,stsz,stco)))),trak(tkhd,edts(elst),mdia(mdhd,hdlr,minf(smhd,dinf(dref),stbl(stsd(mp4a(esds,btrt)),stts,stsc,stsz,stco,sgpd,sbgp)))),udta(meta(hdlr,ilst)))|free|mdat;"[{""type"":""ftyp""},{""type"":""uuid""},{""type"":""moov"",""children"":[{""type"":""mvhd""},{""type"":""trak"",""children"":[{""type"":""tkhd""},{""type"":""edts"",""children"":[{""type"":""elst""}]},{""type"":""mdia"",""children"":[{""type"":""mdhd""},{""type"":""hdlr""},{""type"":""minf"",""children"":[{""type"":""vmhd""},{""type"":""dinf"",""children"":[{""type"":""dref""}]},{""type"":""stbl"",""children"":[{""type"":""stsd"",""children"":[{""type"":""avc1"",""children"":[{""type"":""avcC""},{""type"":""btrt""}]}]},{""type"":""stts""},{""type"":""stss""},{""type"":""ctts""},{""type"":""stsc""},{""type"":""stsz""},{""type"":""stco""}]}]}]}]},{""type"":""trak"",""children"":[{""type"":""tkhd""},{""type"":""edts"",""children"":[{""type"":""elst""}]},{""type"":""mdia"",""children"":[{""type"":""mdhd""},{""type"":""hdlr""},{""type"":""minf"",""children"":[{""type"":""smhd""},{""type"":""dinf"",""children"":[{""type"":""dref""}]},{""type"":""stbl"",""children"":[{""type"":""stsd"",""children"":[{""type"":""mp4a"",""children"":[{""type"":""esds""},{""type"":""btrt""}]}]},{""type"":""stts""},{""type"":""stsc""},{""type"":""stsz""},{""type"":""stco""},{""type"":""sgpd""},{""type"":""sbgp""}]}]}]}]},{""type"":""udta"",""children"":[{""type"":""meta"",""children"":[{""type"":""hdlr""},{""type"":""ilst""}]}]}]},{""type"":""free""},{""type"":""mdat""}]"
C:\DB\AI\AI07_MicrosoftBing_Sora2\AI07_04_synth.mp4;AI;AI07;MicrosoftBing;Sora2;AI_GENERATION;SYNTHETIC;MP4;ORIGINAL;False;NATIVE;ftyp|uuid|moov(mvhd,trak(tkhd,edts(elst),mdia(mdhd,hdlr,minf(vmhd,dinf(dref),stbl(stsd(avc1(avcC,btrt)),stts,stss,ctts,stsc,stsz,stco)))),trak(tkhd,edts(elst),mdia(mdhd,hdlr,minf(smhd,dinf(dref),stbl(stsd(mp4a(esds,btrt)),stts,stsc,stsz,stco,sgpd,sbgp)))),udta(meta(hdlr,ilst)))|free|mdat;"[{""type"":""ftyp""},{""type"":""uuid""},{""type"":""moov"",""children"":[{""type"":""mvhd""},{""type"":""trak"",""children"":[{""type"":""tkhd""},{""type"":""edts"",""children"":[{""type"":""elst""}]},{""type"":""mdia"",""children"":[{""type"":""mdhd""},{""type"":""hdlr""},{""type"":""minf"",""children"":[{""type"":""vmhd""},{""type"":""dinf"",""children"":[{""type"":""dref""}]},{""type"":""stbl"",""children"":[{""type"":""stsd"",""children"":[{""type"":""avc1"",""children"":[{""type"":""avcC""},{""type"":""btrt""}]}]},{""type"":""stts""},{""type"":""stss""},{""type"":""ctts""},{""type"":""stsc""},{""type"":""stsz""},{""type"":""stco""}]}]}]}]},{""type"":""trak"",""children"":[{""type"":""tkhd""},{""type"":""edts"",""children"":[{""type"":""elst""}]},{""type"":""mdia"",""children"":[{""type"":""mdhd""},{""type"":""hdlr""},{""type"":""minf"",""children"":[{""type"":""smhd""},{""type"":""dinf"",""children"":[{""type"":""dref""}]},{""type"":""stbl"",""children"":[{""type"":""stsd"",""children"":[{""type"":""mp4a"",""children"":[{""type"":""esds""},{""type"":""btrt""}]}]},{""type"":""stts""},{""type"":""stsc""},{""type"":""stsz""},{""type"":""stco""},{""type"":""sgpd""},{""type"":""sbgp""}]}]}]}]},{""type"":""udta"",""children"":[{""type"":""meta"",""children"":[{""type"":""hdlr""},{""type"":""ilst""}]}]}]},{""type"":""free""},{""type"":""mdat""}]"
C:\DB\AI\AI07_MicrosoftBing_Sora2\AI07_05_synth.mp4;AI;AI07;MicrosoftBing;Sora2;AI_GENERATION;SYNTHETIC;MP4;ORIGINAL;False;NATIVE;ftyp|uuid|moov(mvhd,trak(tkhd,edts(elst),mdia(mdhd,hdlr,minf(vmhd,dinf(dref),stbl(stsd(avc1(avcC,btrt)),stts,stss,ctts,stsc,stsz,stco)))),trak(tkhd,edts(elst),mdia(mdhd,hdlr,minf(smhd,dinf(dref),stbl(stsd(mp4a(esds,btrt)),stts,stsc,stsz,stco,sgpd,sbgp)))),udta(meta(hdlr,ilst)))|free|mdat;"[{""type"":""ftyp""},{""type"":""uuid""},{""type"":""moov"",""children"":[{""type"":""mvhd""},{""type"":""trak"",""children"":[{""type"":""tkhd""},{""type"":""edts"",""children"":[{""type"":""elst""}]},{""type"":""mdia"",""children"":[{""type"":""mdhd""},{""type"":""hdlr""},{""type"":""minf"",""children"":[{""type"":""vmhd""},{""type"":""dinf"",""children"":[{""type"":""dref""}]},{""type"":""stbl"",""children"":[{""type"":""stsd"",""children"":[{""type"":""avc1"",""children"":[{""type"":""avcC""},{""type"":""btrt""}]}]},{""type"":""stts""},{""type"":""stss""},{""type"":""ctts""},{""type"":""stsc""},{""type"":""stsz""},{""type"":""stco""}]}]}]}]},{""type"":""trak"",""children"":[{""type"":""tkhd""},{""type"":""edts"",""children"":[{""type"":""elst""}]},{""type"":""mdia"",""children"":[{""type"":""mdhd""},{""type"":""hdlr""},{""type"":""minf"",""children"":[{""type"":""smhd""},{""type"":""dinf"",""children"":[{""type"":""dref""}]},{""type"":""stbl"",""children"":[{""type"":""stsd"",""children"":[{""type"":""mp4a"",""children"":[{""type"":""esds""},{""type"":""btrt""}]}]},{""type"":""stts""},{""type"":""stsc""},{""type"":""stsz""},{""type"":""stco""},{""type"":""sgpd""},{""type"":""sbgp""}]}]}]}]},{""type"":""udta"",""children"":[{""type"":""meta"",""children"":[{""type"":""hdlr""},{""type"":""ilst""}]}]}]},{""type"":""free""},{""type"":""mdat""}]"
C:\DB\AI\AI07_MicrosoftBing_Sora2\AI07_06_synth.mp4;AI;AI07;MicrosoftBing;Sora2;AI_GENERATION;SYNTHETIC;MP4;ORIGINAL;False;NATIVE;ftyp|uuid|moov(mvhd,trak(tkhd,edts(elst),mdia(mdhd,hdlr,minf(vmhd,dinf(dref),stbl(stsd(avc1(avcC,btrt)),stts,stss,ctts,stsc,stsz,stco)))),trak(tkhd,edts(elst),mdia(mdhd,hdlr,minf(smhd,dinf(dref),stbl(stsd(mp4a(esds,btrt)),stts,stsc,stsz,stco,sgpd,sbgp)))),udta(meta(hdlr,ilst)))|free|mdat;"[{""type"":""ftyp""},{""type"":""uuid""},{""type"":""moov"",""children"":[{""type"":""mvhd""},{""type"":""trak"",""children"":[{""type"":""tkhd""},{""type"":""edts"",""children"":[{""type"":""elst""}]},{""type"":""mdia"",""children"":[{""type"":""mdhd""},{""type"":""hdlr""},{""type"":""minf"",""children"":[{""type"":""vmhd""},{""type"":""dinf"",""children"":[{""type"":""dref""}]},{""type"":""stbl"",""children"":[{""type"":""stsd"",""children"":[{""type"":""avc1"",""children"":[{""type"":""avcC""},{""type"":""btrt""}]}]},{""type"":""stts""},{""type"":""stss""},{""type"":""ctts""},{""type"":""stsc""},{""type"":""stsz""},{""type"":""stco""}]}]}]}]},{""type"":""trak"",""children"":[{""type"":""tkhd""},{""type"":""edts"",""children"":[{""type"":""elst""}]},{""type"":""mdia"",""children"":[{""type"":""mdhd""},{""type"":""hdlr""},{""type"":""minf"",""children"":[{""type"":""smhd""},{""type"":""dinf"",""children"":[{""type"":""dref""}]},{""type"":""stbl"",""children"":[{""type"":""stsd"",""children"":[{""type"":""mp4a"",""children"":[{""type"":""esds""},{""type"":""btrt""}]}]},{""type"":""stts""},{""type"":""stsc""},{""type"":""stsz""},{""type"":""stco""},{""type"":""sgpd""},{""type"":""sbgp""}]}]}]}]},{""type"":""udta"",""children"":[{""type"":""meta"",""children"":[{""type"":""hdlr""},{""type"":""ilst""}]}]}]},{""type"":""free""},{""type"":""mdat""}]"
C:\DB\AI\AI07_MicrosoftBing_Sora2\AI07_07_synth.mp4;AI;AI07;MicrosoftBing;Sora2;AI_GENERATION;SYNTHETIC;MP4;ORIGINAL;False;NATIVE;ftyp|uuid|moov(mvhd,trak(tkhd,edts(elst),mdia(mdhd,hdlr,minf(vmhd,dinf(dref),stbl(stsd(avc1(avcC,btrt)),stts,stss,ctts,stsc,stsz,stco)))),trak(tkhd,edts(elst),mdia(mdhd,hdlr,minf(smhd,dinf(dref),stbl(stsd(mp4a(esds,btrt)),stts,stsc,stsz,stco,sgpd,sbgp)))),udta(meta(hdlr,ilst)))|free|mdat;"[{""type"":""ftyp""},{""type"":""uuid""},{""type"":""moov"",""children"":[{""type"":""mvhd""},{""type"":""trak"",""children"":[{""type"":""tkhd""},{""type"":""edts"",""children"":[{""type"":""elst""}]},{""type"":""mdia"",""children"":[{""type"":""mdhd""},{""type"":""hdlr""},{""type"":""minf"",""children"":[{""type"":""vmhd""},{""type"":""dinf"",""children"":[{""type"":""dref""}]},{""type"":""stbl"",""children"":[{""type"":""stsd"",""children"":[{""type"":""avc1"",""children"":[{""type"":""avcC""},{""type"":""btrt""}]}]},{""type"":""stts""},{""type"":""stss""},{""type"":""ctts""},{""type"":""stsc""},{""type"":""stsz""},{""type"":""stco""}]}]}]}]},{""type"":""trak"",""children"":[{""type"":""tkhd""},{""type"":""edts"",""children"":[{""type"":""elst""}]},{""type"":""mdia"",""children"":[{""type"":""mdhd""},{""type"":""hdlr""},{""type"":""minf"",""children"":[{""type"":""smhd""},{""type"":""dinf"",""children"":[{""type"":""dref""}]},{""type"":""stbl"",""children"":[{""type"":""stsd"",""children"":[{""type"":""mp4a"",""children"":[{""type"":""esds""},{""type"":""btrt""}]}]},{""type"":""stts""},{""type"":""stsc""},{""type"":""stsz""},{""type"":""stco""},{""type"":""sgpd""},{""type"":""sbgp""}]}]}]}]},{""type"":""udta"",""children"":[{""type"":""meta"",""children"":[{""type"":""hdlr""},{""type"":""ilst""}]}]}]},{""type"":""free""},{""type"":""mdat""}]"
C:\DB\AI\AI07_MicrosoftBing_Sora2\AI07_08_synth.mp4;AI;AI07;MicrosoftBing;Sora2;AI_GENERATION;SYNTHETIC;MP4;ORIGINAL;False;NATIVE;ftyp|uuid|moov(mvhd,trak(tkhd,edts(elst),mdia(mdhd,hdlr,minf(vmhd,dinf(dref),stbl(stsd(avc1(avcC,btrt)),stts,stss,ctts,stsc,stsz,stco)))),trak(tkhd,edts(elst),mdia(mdhd,hdlr,minf(smhd,dinf(dref),stbl(stsd(mp4a(esds,btrt)),stts,stsc,stsz,stco,sgpd,sbgp)))),udta(meta(hdlr,ilst)))|free|mdat;"[{""type"":""ftyp""},{""type"":""uuid""},{""type"":""moov"",""children"":[{""type"":""mvhd""},{""type"":""trak"",""children"":[{""type"":""tkhd""},{""type"":""edts"",""children"":[{""type"":""elst""}]},{""type"":""mdia"",""children"":[{""type"":""mdhd""},{""type"":""hdlr""},{""type"":""minf"",""children"":[{""type"":""vmhd""},{""type"":""dinf"",""children"":[{""type"":""dref""}]},{""type"":""stbl"",""children"":[{""type"":""stsd"",""children"":[{""type"":""avc1"",""children"":[{""type"":""avcC""},{""type"":""btrt""}]}]},{""type"":""stts""},{""type"":""stss""},{""type"":""ctts""},{""type"":""stsc""},{""type"":""stsz""},{""type"":""stco""}]}]}]}]},{""type"":""trak"",""children"":[{""type"":""tkhd""},{""type"":""edts"",""children"":[{""type"":""elst""}]},{""type"":""mdia"",""children"":[{""type"":""mdhd""},{""type"":""hdlr""},{""type"":""minf"",""children"":[{""type"":""smhd""},{""type"":""dinf"",""children"":[{""type"":""dref""}]},{""type"":""stbl"",""children"":[{""type"":""stsd"",""children"":[{""type"":""mp4a"",""children"":[{""type"":""esds""},{""type"":""btrt""}]}]},{""type"":""stts""},{""type"":""stsc""},{""type"":""stsz""},{""type"":""stco""},{""type"":""sgpd""},{""type"":""sbgp""}]}]}]}]},{""type"":""udta"",""children"":[{""type"":""meta"",""children"":[{""type"":""hdlr""},{""type"":""ilst""}]}]}]},{""type"":""free""},{""type"":""mdat""}]"
C:\DB\AI\AI07_MicrosoftBing_Sora2\AI07_09_df.mp4;AI;AI07;MicrosoftBing;Sora2;MIXED;DEEPFAKE;MP4;ORIGINAL;False;NATIVE;ftyp|uuid|moov(mvhd,trak(tkhd,edts(elst),mdia(mdhd,hdlr,minf(vmhd,dinf(dref),stbl(stsd(avc1(avcC,btrt)),stts,stss,ctts,stsc,stsz,stco)))),trak(tkhd,edts(elst),mdia(mdhd,hdlr,minf(smhd,dinf(dref),stbl(stsd(mp4a(esds,btrt)),stts,stsc,stsz,stco,sgpd,sbgp)))),udta(meta(hdlr,ilst)))|free|mdat;"[{""type"":""ftyp""},{""type"":""uuid""},{""type"":""moov"",""children"":[{""type"":""mvhd""},{""type"":""trak"",""children"":[{""type"":""tkhd""},{""type"":""edts"",""children"":[{""type"":""elst""}]},{""type"":""mdia"",""children"":[{""type"":""mdhd""},{""type"":""hdlr""},{""type"":""minf"",""children"":[{""type"":""vmhd""},{""type"":""dinf"",""children"":[{""type"":""dref""}]},{""type"":""stbl"",""children"":[{""type"":""stsd"",""children"":[{""type"":""avc1"",""children"":[{""type"":""avcC""},{""type"":""btrt""}]}]},{""type"":""stts""},{""type"":""stss""},{""type"":""ctts""},{""type"":""stsc""},{""type"":""stsz""},{""type"":""stco""}]}]}]}]},{""type"":""trak"",""children"":[{""type"":""tkhd""},{""type"":""edts"",""children"":[{""type"":""elst""}]},{""type"":""mdia"",""children"":[{""type"":""mdhd""},{""type"":""hdlr""},{""type"":""minf"",""children"":[{""type"":""smhd""},{""type"":""dinf"",""children"":[{""type"":""dref""}]},{""type"":""stbl"",""children"":[{""type"":""stsd"",""children"":[{""type"":""mp4a"",""children"":[{""type"":""esds""},{""type"":""btrt""}]}]},{""type"":""stts""},{""type"":""stsc""},{""type"":""stsz""},{""type"":""stco""},{""type"":""sgpd""},{""type"":""sbgp""}]}]}]}]},{""type"":""udta"",""children"":[{""type"":""meta"",""children"":[{""type"":""hdlr""},{""type"":""ilst""}]}]}]},{""type"":""free""},{""type"":""mdat""}]"
C:\DB\AI\AI07_MicrosoftBing_Sora2\AI07_10_df.mp4;AI;AI07;MicrosoftBing;Sora2;MIXED;DEEPFAKE;MP4;ORIGINAL;False;NATIVE;ftyp|uuid|moov(mvhd,trak(tkhd,edts(elst),mdia(mdhd,hdlr,minf(vmhd,dinf(dref),stbl(stsd(avc1(avcC,btrt)),stts,stss,ctts,stsc,stsz,stco)))),trak(tkhd,edts(elst),mdia(mdhd,hdlr,minf(smhd,dinf(dref),stbl(stsd(mp4a(esds,btrt)),stts,stsc,stsz,stco,sgpd,sbgp)))),udta(meta(hdlr,ilst)))|free|mdat;"[{""type"":""ftyp""},{""type"":""uuid""},{""type"":""moov"",""children"":[{""type"":""mvhd""},{""type"":""trak"",""children"":[{""type"":""tkhd""},{""type"":""edts"",""children"":[{""type"":""elst""}]},{""type"":""mdia"",""children"":[{""type"":""mdhd""},{""type"":""hdlr""},{""type"":""minf"",""children"":[{""type"":""vmhd""},{""type"":""dinf"",""children"":[{""type"":""dref""}]},{""type"":""stbl"",""children"":[{""type"":""stsd"",""children"":[{""type"":""avc1"",""children"":[{""type"":""avcC""},{""type"":""btrt""}]}]},{""type"":""stts""},{""type"":""stss""},{""type"":""ctts""},{""type"":""stsc""},{""type"":""stsz""},{""type"":""stco""}]}]}]}]},{""type"":""trak"",""children"":[{""type"":""tkhd""},{""type"":""edts"",""children"":[{""type"":""elst""}]},{""type"":""mdia"",""children"":[{""type"":""mdhd""},{""type"":""hdlr""},{""type"":""minf"",""children"":[{""type"":""smhd""},{""type"":""dinf"",""children"":[{""type"":""dref""}]},{""type"":""stbl"",""children"":[{""type"":""stsd"",""children"":[{""type"":""mp4a"",""children"":[{""type"":""esds""},{""type"":""btrt""}]}]},{""type"":""stts""},{""type"":""stsc""},{""type"":""stsz""},{""type"":""stco""},{""type"":""sgpd""},{""type"":""sbgp""}]}]}]}]},{""type"":""udta"",""children"":[{""type"":""meta"",""children"":[{""type"":""hdlr""},{""type"":""ilst""}]}]}]},{""type"":""free""},{""type"":""mdat""}]"
C:\DB\AI\AI08_PikaLabs_Pika1.5\AI08_01_df.mp4;AI;AI08;PikaLabs;Pika1.5;MIXED;DEEPFAKE;MP4;ORIGINAL;False;NATIVE;ftyp|moov(mvhd,trak(tkhd,edts(elst),mdia(mdhd,hdlr,minf(vmhd,dinf(dref),stbl(stsd(avc1(avcC,btrt)),stts,stss,ctts,stsc,stsz,stco)))),trak(tkhd,edts(elst),mdia(mdhd,hdlr,minf(smhd,dinf(dref),stbl(stsd(mp4a(esds,btrt)),stts,stsc,stsz,stco,sgpd,sbgp)))),udta(meta(hdlr,ilst)))|free|mdat;"[{""type"":""ftyp""},{""type"":""moov"",""children"":[{""type"":""mvhd""},{""type"":""trak"",""children"":[{""type"":""tkhd""},{""type"":""edts"",""children"":[{""type"":""elst""}]},{""type"":""mdia"",""children"":[{""type"":""mdhd""},{""type"":""hdlr""},{""type"":""minf"",""children"":[{""type"":""vmhd""},{""type"":""dinf"",""children"":[{""type"":""dref""}]},{""type"":""stbl"",""children"":[{""type"":""stsd"",""children"":[{""type"":""avc1"",""children"":[{""type"":""avcC""},{""type"":""btrt""}]}]},{""type"":""stts""},{""type"":""stss""},{""type"":""ctts""},{""type"":""stsc""},{""type"":""stsz""},{""type"":""stco""}]}]}]}]},{""type"":""trak"",""children"":[{""type"":""tkhd""},{""type"":""edts"",""children"":[{""type"":""elst""}]},{""type"":""mdia"",""children"":[{""type"":""mdhd""},{""type"":""hdlr""},{""type"":""minf"",""children"":[{""type"":""smhd""},{""type"":""dinf"",""children"":[{""type"":""dref""}]},{""type"":""stbl"",""children"":[{""type"":""stsd"",""children"":[{""type"":""mp4a"",""children"":[{""type"":""esds""},{""type"":""btrt""}]}]},{""type"":""stts""},{""type"":""stsc""},{""type"":""stsz""},{""type"":""stco""},{""type"":""sgpd""},{""type"":""sbgp""}]}]}]}]},{""type"":""udta"",""children"":[{""type"":""meta"",""children"":[{""type"":""hdlr""},{""type"":""ilst""}]}]}]},{""type"":""free""},{""type"":""mdat""}]"
C:\DB\AI\AI08_PikaLabs_Pika1.5\AI08_02_df.mp4;AI;AI08;PikaLabs;Pika1.5;MIXED;DEEPFAKE;MP4;ORIGINAL;False;NATIVE;ftyp|moov(mvhd,trak(tkhd,edts(elst),mdia(mdhd,hdlr,minf(vmhd,dinf(dref),stbl(stsd(avc1(avcC,btrt)),stts,stss,ctts,stsc,stsz,stco)))),trak(tkhd,edts(elst),mdia(mdhd,hdlr,minf(smhd,dinf(dref),stbl(stsd(mp4a(esds,btrt)),stts,stsc,stsz,stco,sgpd,sbgp)))),udta(meta(hdlr,ilst)))|free|mdat;"[{""type"":""ftyp""},{""type"":""moov"",""children"":[{""type"":""mvhd""},{""type"":""trak"",""children"":[{""type"":""tkhd""},{""type"":""edts"",""children"":[{""type"":""elst""}]},{""type"":""mdia"",""children"":[{""type"":""mdhd""},{""type"":""hdlr""},{""type"":""minf"",""children"":[{""type"":""vmhd""},{""type"":""dinf"",""children"":[{""type"":""dref""}]},{""type"":""stbl"",""children"":[{""type"":""stsd"",""children"":[{""type"":""avc1"",""children"":[{""type"":""avcC""},{""type"":""btrt""}]}]},{""type"":""stts""},{""type"":""stss""},{""type"":""ctts""},{""type"":""stsc""},{""type"":""stsz""},{""type"":""stco""}]}]}]}]},{""type"":""trak"",""children"":[{""type"":""tkhd""},{""type"":""edts"",""children"":[{""type"":""elst""}]},{""type"":""mdia"",""children"":[{""type"":""mdhd""},{""type"":""hdlr""},{""type"":""minf"",""children"":[{""type"":""smhd""},{""type"":""dinf"",""children"":[{""type"":""dref""}]},{""type"":""stbl"",""children"":[{""type"":""stsd"",""children"":[{""type"":""mp4a"",""children"":[{""type"":""esds""},{""type"":""btrt""}]}]},{""type"":""stts""},{""type"":""stsc""},{""type"":""stsz""},{""type"":""stco""},{""type"":""sgpd""},{""type"":""sbgp""}]}]}]}]},{""type"":""udta"",""children"":[{""type"":""meta"",""children"":[{""type"":""hdlr""},{""type"":""ilst""}]}]}]},{""type"":""free""},{""type"":""mdat""}]"
C:\DB\AI\AI08_PikaLabs_Pika1.5\AI08_03_df.mp4;AI;AI08;PikaLabs;Pika1.5;MIXED;DEEPFAKE;MP4;ORIGINAL;False;NATIVE;ftyp|moov(mvhd,trak(tkhd,edts(elst),mdia(mdhd,hdlr,minf(vmhd,dinf(dref),stbl(stsd(avc1(avcC,btrt)),stts,stss,ctts,stsc,stsz,stco)))),trak(tkhd,edts(elst),mdia(mdhd,hdlr,minf(smhd,dinf(dref),stbl(stsd(mp4a(esds,btrt)),stts,stsc,stsz,stco,sgpd,sbgp)))),udta(meta(hdlr,ilst)))|free|mdat;"[{""type"":""ftyp""},{""type"":""moov"",""children"":[{""type"":""mvhd""},{""type"":""trak"",""children"":[{""type"":""tkhd""},{""type"":""edts"",""children"":[{""type"":""elst""}]},{""type"":""mdia"",""children"":[{""type"":""mdhd""},{""type"":""hdlr""},{""type"":""minf"",""children"":[{""type"":""vmhd""},{""type"":""dinf"",""children"":[{""type"":""dref""}]},{""type"":""stbl"",""children"":[{""type"":""stsd"",""children"":[{""type"":""avc1"",""children"":[{""type"":""avcC""},{""type"":""btrt""}]}]},{""type"":""stts""},{""type"":""stss""},{""type"":""ctts""},{""type"":""stsc""},{""type"":""stsz""},{""type"":""stco""}]}]}]}]},{""type"":""trak"",""children"":[{""type"":""tkhd""},{""type"":""edts"",""children"":[{""type"":""elst""}]},{""type"":""mdia"",""children"":[{""type"":""mdhd""},{""type"":""hdlr""},{""type"":""minf"",""children"":[{""type"":""smhd""},{""type"":""dinf"",""children"":[{""type"":""dref""}]},{""type"":""stbl"",""children"":[{""type"":""stsd"",""children"":[{""type"":""mp4a"",""children"":[{""type"":""esds""},{""type"":""btrt""}]}]},{""type"":""stts""},{""type"":""stsc""},{""type"":""stsz""},{""type"":""stco""},{""type"":""sgpd""},{""type"":""sbgp""}]}]}]}]},{""type"":""udta"",""children"":[{""type"":""meta"",""children"":[{""type"":""hdlr""},{""type"":""ilst""}]}]}]},{""type"":""free""},{""type"":""mdat""}]"
C:\DB\AI\AI08_PikaLabs_Pika1.5\AI08_04_df.mp4;AI;AI08;PikaLabs;Pika1.5;MIXED;DEEPFAKE;MP4;ORIGINAL;False;NATIVE;ftyp|moov(mvhd,trak(tkhd,edts(elst),mdia(mdhd,hdlr,minf(vmhd,dinf(dref),stbl(stsd(avc1(avcC,btrt)),stts,stss,ctts,stsc,stsz,stco)))),trak(tkhd,edts(elst),mdia(mdhd,hdlr,minf(smhd,dinf(dref),stbl(stsd(mp4a(esds,btrt)),stts,stsc,stsz,stco,sgpd,sbgp)))),udta(meta(hdlr,ilst)))|free|mdat;"[{""type"":""ftyp""},{""type"":""moov"",""children"":[{""type"":""mvhd""},{""type"":""trak"",""children"":[{""type"":""tkhd""},{""type"":""edts"",""children"":[{""type"":""elst""}]},{""type"":""mdia"",""children"":[{""type"":""mdhd""},{""type"":""hdlr""},{""type"":""minf"",""children"":[{""type"":""vmhd""},{""type"":""dinf"",""children"":[{""type"":""dref""}]},{""type"":""stbl"",""children"":[{""type"":""stsd"",""children"":[{""type"":""avc1"",""children"":[{""type"":""avcC""},{""type"":""btrt""}]}]},{""type"":""stts""},{""type"":""stss""},{""type"":""ctts""},{""type"":""stsc""},{""type"":""stsz""},{""type"":""stco""}]}]}]}]},{""type"":""trak"",""children"":[{""type"":""tkhd""},{""type"":""edts"",""children"":[{""type"":""elst""}]},{""type"":""mdia"",""children"":[{""type"":""mdhd""},{""type"":""hdlr""},{""type"":""minf"",""children"":[{""type"":""smhd""},{""type"":""dinf"",""children"":[{""type"":""dref""}]},{""type"":""stbl"",""children"":[{""type"":""stsd"",""children"":[{""type"":""mp4a"",""children"":[{""type"":""esds""},{""type"":""btrt""}]}]},{""type"":""stts""},{""type"":""stsc""},{""type"":""stsz""},{""type"":""stco""},{""type"":""sgpd""},{""type"":""sbgp""}]}]}]}]},{""type"":""udta"",""children"":[{""type"":""meta"",""children"":[{""type"":""hdlr""},{""type"":""ilst""}]}]}]},{""type"":""free""},{""type"":""mdat""}]"
C:\DB\AI\AI09_PikaLabs_Pika2.0\AI09_01_df.mp4;AI;AI09;PikaLabs;Pika2.0;MIXED;DEEPFAKE;MP4;ORIGINAL;False;NATIVE;ftyp|free|mdat|moov(mvhd,trak(tkhd,edts(elst),mdia(mdhd,hdlr,minf(vmhd,dinf(dref),stbl(stsd(avc1(avcC)),stts,stss,ctts,stsc,stsz,stco)))),udta(meta(hdlr,ilst)));"[{""type"":""ftyp""},{""type"":""free""},{""type"":""mdat""},{""type"":""moov"",""children"":[{""type"":""mvhd""},{""type"":""trak"",""children"":[{""type"":""tkhd""},{""type"":""edts"",""children"":[{""type"":""elst""}]},{""type"":""mdia"",""children"":[{""type"":""mdhd""},{""type"":""hdlr""},{""type"":""minf"",""children"":[{""type"":""vmhd""},{""type"":""dinf"",""children"":[{""type"":""dref""}]},{""type"":""stbl"",""children"":[{""type"":""stsd"",""children"":[{""type"":""avc1"",""children"":[{""type"":""avcC""}]}]},{""type"":""stts""},{""type"":""stss""},{""type"":""ctts""},{""type"":""stsc""},{""type"":""stsz""},{""type"":""stco""}]}]}]}]},{""type"":""udta"",""children"":[{""type"":""meta"",""children"":[{""type"":""hdlr""},{""type"":""ilst""}]}]}]}]"
C:\DB\AI\AI09_PikaLabs_Pika2.0\AI09_02_df.mp4;AI;AI09;PikaLabs;Pika2.0;MIXED;DEEPFAKE;MP4;ORIGINAL;False;NATIVE;ftyp|free|mdat|moov(mvhd,trak(tkhd,edts(elst),mdia(mdhd,hdlr,minf(vmhd,dinf(dref),stbl(stsd(avc1(avcC)),stts,stss,ctts,stsc,stsz,stco)))),udta(meta(hdlr,ilst)));"[{""type"":""ftyp""},{""type"":""free""},{""type"":""mdat""},{""type"":""moov"",""children"":[{""type"":""mvhd""},{""type"":""trak"",""children"":[{""type"":""tkhd""},{""type"":""edts"",""children"":[{""type"":""elst""}]},{""type"":""mdia"",""children"":[{""type"":""mdhd""},{""type"":""hdlr""},{""type"":""minf"",""children"":[{""type"":""vmhd""},{""type"":""dinf"",""children"":[{""type"":""dref""}]},{""type"":""stbl"",""children"":[{""type"":""stsd"",""children"":[{""type"":""avc1"",""children"":[{""type"":""avcC""}]}]},{""type"":""stts""},{""type"":""stss""},{""type"":""ctts""},{""type"":""stsc""},{""type"":""stsz""},{""type"":""stco""}]}]}]}]},{""type"":""udta"",""children"":[{""type"":""meta"",""children"":[{""type"":""hdlr""},{""type"":""ilst""}]}]}]}]"
C:\DB\AI\AI09_PikaLabs_Pika2.0\AI09_03_df.mp4;AI;AI09;PikaLabs;Pika2.0;MIXED;DEEPFAKE;MP4;ORIGINAL;False;NATIVE;ftyp|free|mdat|moov(mvhd,trak(tkhd,edts(elst),mdia(mdhd,hdlr,minf(vmhd,dinf(dref),stbl(stsd(avc1(avcC)),stts,stss,ctts,stsc,stsz,stco)))),udta(meta(hdlr,ilst)));"[{""type"":""ftyp""},{""type"":""free""},{""type"":""mdat""},{""type"":""moov"",""children"":[{""type"":""mvhd""},{""type"":""trak"",""children"":[{""type"":""tkhd""},{""type"":""edts"",""children"":[{""type"":""elst""}]},{""type"":""mdia"",""children"":[{""type"":""mdhd""},{""type"":""hdlr""},{""type"":""minf"",""children"":[{""type"":""vmhd""},{""type"":""dinf"",""children"":[{""type"":""dref""}]},{""type"":""stbl"",""children"":[{""type"":""stsd"",""children"":[{""type"":""avc1"",""children"":[{""type"":""avcC""}]}]},{""type"":""stts""},{""type"":""stss""},{""type"":""ctts""},{""type"":""stsc""},{""type"":""stsz""},{""type"":""stco""}]}]}]}]},{""type"":""udta"",""children"":[{""type"":""meta"",""children"":[{""type"":""hdlr""},{""type"":""ilst""}]}]}]}]"
C:\DB\AI\AI09_PikaLabs_Pika2.0\AI09_04_df.mp4;AI;AI09;PikaLabs;Pika2.0;MIXED;DEEPFAKE;MP4;ORIGINAL;False;NATIVE;ftyp|free|mdat|moov(mvhd,trak(tkhd,edts(elst),mdia(mdhd,hdlr,minf(vmhd,dinf(dref),stbl(stsd(avc1(avcC)),stts,stss,ctts,stsc,stsz,stco)))),udta(meta(hdlr,ilst)));"[{""type"":""ftyp""},{""type"":""free""},{""type"":""mdat""},{""type"":""moov"",""children"":[{""type"":""mvhd""},{""type"":""trak"",""children"":[{""type"":""tkhd""},{""type"":""edts"",""children"":[{""type"":""elst""}]},{""type"":""mdia"",""children"":[{""type"":""mdhd""},{""type"":""hdlr""},{""type"":""minf"",""children"":[{""type"":""vmhd""},{""type"":""dinf"",""children"":[{""type"":""dref""}]},{""type"":""stbl"",""children"":[{""type"":""stsd"",""children"":[{""type"":""avc1"",""children"":[{""type"":""avcC""}]}]},{""type"":""stts""},{""type"":""stss""},{""type"":""ctts""},{""type"":""stsc""},{""type"":""stsz""},{""type"":""stco""}]}]}]}]},{""type"":""udta"",""children"":[{""type"":""meta"",""children"":[{""type"":""hdlr""},{""type"":""ilst""}]}]}]}]"
C:\DB\AI\AI10_PikaLabs_Pika2.2\AI10_01_df.mp4;AI;AI10;PikaLabs;Pika2.2;MIXED;DEEPFAKE;MP4;ORIGINAL;False;NATIVE;ftyp|moov(mvhd,trak(tkhd,edts(elst),mdia(mdhd,hdlr,minf(vmhd,dinf(dref),stbl(stsd(avc1(avcC)),stts,stss,ctts,stsc,stsz,stco)))),udta(meta(hdlr,ilst)))|free|mdat;"[{""type"":""ftyp""},{""type"":""moov"",""children"":[{""type"":""mvhd""},{""type"":""trak"",""children"":[{""type"":""tkhd""},{""type"":""edts"",""children"":[{""type"":""elst""}]},{""type"":""mdia"",""children"":[{""type"":""mdhd""},{""type"":""hdlr""},{""type"":""minf"",""children"":[{""type"":""vmhd""},{""type"":""dinf"",""children"":[{""type"":""dref""}]},{""type"":""stbl"",""children"":[{""type"":""stsd"",""children"":[{""type"":""avc1"",""children"":[{""type"":""avcC""}]}]},{""type"":""stts""},{""type"":""stss""},{""type"":""ctts""},{""type"":""stsc""},{""type"":""stsz""},{""type"":""stco""}]}]}]}]},{""type"":""udta"",""children"":[{""type"":""meta"",""children"":[{""type"":""hdlr""},{""type"":""ilst""}]}]}]},{""type"":""free""},{""type"":""mdat""}]"
C:\DB\AI\AI10_PikaLabs_Pika2.2\AI10_02_df.mp4;AI;AI10;PikaLabs;Pika2.2;MIXED;DEEPFAKE;MP4;ORIGINAL;False;NATIVE;ftyp|moov(mvhd,trak(tkhd,edts(elst),mdia(mdhd,hdlr,minf(vmhd,dinf(dref),stbl(stsd(avc1(avcC)),stts,stss,ctts,stsc,stsz,stco)))),udta(meta(hdlr,ilst)))|free|mdat;"[{""type"":""ftyp""},{""type"":""moov"",""children"":[{""type"":""mvhd""},{""type"":""trak"",""children"":[{""type"":""tkhd""},{""type"":""edts"",""children"":[{""type"":""elst""}]},{""type"":""mdia"",""children"":[{""type"":""mdhd""},{""type"":""hdlr""},{""type"":""minf"",""children"":[{""type"":""vmhd""},{""type"":""dinf"",""children"":[{""type"":""dref""}]},{""type"":""stbl"",""children"":[{""type"":""stsd"",""children"":[{""type"":""avc1"",""children"":[{""type"":""avcC""}]}]},{""type"":""stts""},{""type"":""stss""},{""type"":""ctts""},{""type"":""stsc""},{""type"":""stsz""},{""type"":""stco""}]}]}]}]},{""type"":""udta"",""children"":[{""type"":""meta"",""children"":[{""type"":""hdlr""},{""type"":""ilst""}]}]}]},{""type"":""free""},{""type"":""mdat""}]"
C:\DB\AI\AI10_PikaLabs_Pika2.2\AI10_03_df.mp4;AI;AI10;PikaLabs;Pika2.2;MIXED;DEEPFAKE;MP4;ORIGINAL;False;NATIVE;ftyp|moov(mvhd,trak(tkhd,edts(elst),mdia(mdhd,hdlr,minf(vmhd,dinf(dref),stbl(stsd(avc1(avcC)),stts,stss,ctts,stsc,stsz,stco)))),udta(meta(hdlr,ilst)))|free|mdat;"[{""type"":""ftyp""},{""type"":""moov"",""children"":[{""type"":""mvhd""},{""type"":""trak"",""children"":[{""type"":""tkhd""},{""type"":""edts"",""children"":[{""type"":""elst""}]},{""type"":""mdia"",""children"":[{""type"":""mdhd""},{""type"":""hdlr""},{""type"":""minf"",""children"":[{""type"":""vmhd""},{""type"":""dinf"",""children"":[{""type"":""dref""}]},{""type"":""stbl"",""children"":[{""type"":""stsd"",""children"":[{""type"":""avc1"",""children"":[{""type"":""avcC""}]}]},{""type"":""stts""},{""type"":""stss""},{""type"":""ctts""},{""type"":""stsc""},{""type"":""stsz""},{""type"":""stco""}]}]}]}]},{""type"":""udta"",""children"":[{""type"":""meta"",""children"":[{""type"":""hdlr""},{""type"":""ilst""}]}]}]},{""type"":""free""},{""type"":""mdat""}]"
C:\DB\AI\AI10_PikaLabs_Pika2.2\AI10_04_df.mp4;AI;AI10;PikaLabs;Pika2.2;MIXED;DEEPFAKE;MP4;ORIGINAL;False;NATIVE;ftyp|moov(mvhd,trak(tkhd,edts(elst),mdia(mdhd,hdlr,minf(vmhd,dinf(dref),stbl(stsd(avc1(avcC)),stts,stss,ctts,stsc,stsz,stco)))),udta(meta(hdlr,ilst)))|free|mdat;"[{""type"":""ftyp""},{""type"":""moov"",""children"":[{""type"":""mvhd""},{""type"":""trak"",""children"":[{""type"":""tkhd""},{""type"":""edts"",""children"":[{""type"":""elst""}]},{""type"":""mdia"",""children"":[{""type"":""mdhd""},{""type"":""hdlr""},{""type"":""minf"",""children"":[{""type"":""vmhd""},{""type"":""dinf"",""children"":[{""type"":""dref""}]},{""type"":""stbl"",""children"":[{""type"":""stsd"",""children"":[{""type"":""avc1"",""children"":[{""type"":""avcC""}]}]},{""type"":""stts""},{""type"":""stss""},{""type"":""ctts""},{""type"":""stsc""},{""type"":""stsz""},{""type"":""stco""}]}]}]}]},{""type"":""udta"",""children"":[{""type"":""meta"",""children"":[{""type"":""hdlr""},{""type"":""ilst""}]}]}]},{""type"":""free""},{""type"":""mdat""}]"
C:\DB\AI\AI11_PikaLabs_Pika2.5\AI11_01_synth.mp4;AI;AI11;PikaLabs;Pika2.5;AI_GENERATION;SYNTHETIC;MP4;ORIGINAL;False;NATIVE;ftyp|moov(mvhd,trak(tkhd,edts(elst),mdia(mdhd,hdlr,minf(vmhd,dinf(dref),stbl(stsd(avc1(avcC,btrt)),stts,stss,ctts,stsc,stsz,stco)))),trak(tkhd,edts(elst),mdia(mdhd,hdlr,minf(smhd,dinf(dref),stbl(stsd(mp4a(esds,btrt)),stts,stsc,stsz,stco,sgpd,sbgp)))),udta(meta(hdlr,ilst)))|free|mdat;"[{""type"":""ftyp""},{""type"":""moov"",""children"":[{""type"":""mvhd""},{""type"":""trak"",""children"":[{""type"":""tkhd""},{""type"":""edts"",""children"":[{""type"":""elst""}]},{""type"":""mdia"",""children"":[{""type"":""mdhd""},{""type"":""hdlr""},{""type"":""minf"",""children"":[{""type"":""vmhd""},{""type"":""dinf"",""children"":[{""type"":""dref""}]},{""type"":""stbl"",""children"":[{""type"":""stsd"",""children"":[{""type"":""avc1"",""children"":[{""type"":""avcC""},{""type"":""btrt""}]}]},{""type"":""stts""},{""type"":""stss""},{""type"":""ctts""},{""type"":""stsc""},{""type"":""stsz""},{""type"":""stco""}]}]}]}]},{""type"":""trak"",""children"":[{""type"":""tkhd""},{""type"":""edts"",""children"":[{""type"":""elst""}]},{""type"":""mdia"",""children"":[{""type"":""mdhd""},{""type"":""hdlr""},{""type"":""minf"",""children"":[{""type"":""smhd""},{""type"":""dinf"",""children"":[{""type"":""dref""}]},{""type"":""stbl"",""children"":[{""type"":""stsd"",""children"":[{""type"":""mp4a"",""children"":[{""type"":""esds""},{""type"":""btrt""}]}]},{""type"":""stts""},{""type"":""stsc""},{""type"":""stsz""},{""type"":""stco""},{""type"":""sgpd""},{""type"":""sbgp""}]}]}]}]},{""type"":""udta"",""children"":[{""type"":""meta"",""children"":[{""type"":""hdlr""},{""type"":""ilst""}]}]}]},{""type"":""free""},{""type"":""mdat""}]"
C:\DB\AI\AI11_PikaLabs_Pika2.5\AI11_02_df.mp4;AI;AI11;PikaLabs;Pika2.5;MIXED;DEEPFAKE;MP4;ORIGINAL;False;NATIVE;ftyp|moov(mvhd,trak(tkhd,edts(elst),mdia(mdhd,hdlr,minf(vmhd,dinf(dref),stbl(stsd(avc1(avcC,btrt)),stts,stss,ctts,stsc,stsz,stco)))),trak(tkhd,edts(elst),mdia(mdhd,hdlr,minf(smhd,dinf(dref),stbl(stsd(mp4a(esds,btrt)),stts,stsc,stsz,stco,sgpd,sbgp)))),udta(meta(hdlr,ilst)))|free|mdat;"[{""type"":""ftyp""},{""type"":""moov"",""children"":[{""type"":""mvhd""},{""type"":""trak"",""children"":[{""type"":""tkhd""},{""type"":""edts"",""children"":[{""type"":""elst""}]},{""type"":""mdia"",""children"":[{""type"":""mdhd""},{""type"":""hdlr""},{""type"":""minf"",""children"":[{""type"":""vmhd""},{""type"":""dinf"",""children"":[{""type"":""dref""}]},{""type"":""stbl"",""children"":[{""type"":""stsd"",""children"":[{""type"":""avc1"",""children"":[{""type"":""avcC""},{""type"":""btrt""}]}]},{""type"":""stts""},{""type"":""stss""},{""type"":""ctts""},{""type"":""stsc""},{""type"":""stsz""},{""type"":""stco""}]}]}]}]},{""type"":""trak"",""children"":[{""type"":""tkhd""},{""type"":""edts"",""children"":[{""type"":""elst""}]},{""type"":""mdia"",""children"":[{""type"":""mdhd""},{""type"":""hdlr""},{""type"":""minf"",""children"":[{""type"":""smhd""},{""type"":""dinf"",""children"":[{""type"":""dref""}]},{""type"":""stbl"",""children"":[{""type"":""stsd"",""children"":[{""type"":""mp4a"",""children"":[{""type"":""esds""},{""type"":""btrt""}]}]},{""type"":""stts""},{""type"":""stsc""},{""type"":""stsz""},{""type"":""stco""},{""type"":""sgpd""},{""type"":""sbgp""}]}]}]}]},{""type"":""udta"",""children"":[{""type"":""meta"",""children"":[{""type"":""hdlr""},{""type"":""ilst""}]}]}]},{""type"":""free""},{""type"":""mdat""}]"
C:\DB\AI\AI11_PikaLabs_Pika2.5\AI11_03_df.mp4;AI;AI11;PikaLabs;Pika2.5;MIXED;DEEPFAKE;MP4;ORIGINAL;False;NATIVE;ftyp|moov(mvhd,trak(tkhd,edts(elst),mdia(mdhd,hdlr,minf(vmhd,dinf(dref),stbl(stsd(avc1(avcC,btrt)),stts,stss,ctts,stsc,stsz,stco)))),trak(tkhd,edts(elst),mdia(mdhd,hdlr,minf(smhd,dinf(dref),stbl(stsd(mp4a(esds,btrt)),stts,stsc,stsz,stco,sgpd,sbgp)))),udta(meta(hdlr,ilst)))|free|mdat;"[{""type"":""ftyp""},{""type"":""moov"",""children"":[{""type"":""mvhd""},{""type"":""trak"",""children"":[{""type"":""tkhd""},{""type"":""edts"",""children"":[{""type"":""elst""}]},{""type"":""mdia"",""children"":[{""type"":""mdhd""},{""type"":""hdlr""},{""type"":""minf"",""children"":[{""type"":""vmhd""},{""type"":""dinf"",""children"":[{""type"":""dref""}]},{""type"":""stbl"",""children"":[{""type"":""stsd"",""children"":[{""type"":""avc1"",""children"":[{""type"":""avcC""},{""type"":""btrt""}]}]},{""type"":""stts""},{""type"":""stss""},{""type"":""ctts""},{""type"":""stsc""},{""type"":""stsz""},{""type"":""stco""}]}]}]}]},{""type"":""trak"",""children"":[{""type"":""tkhd""},{""type"":""edts"",""children"":[{""type"":""elst""}]},{""type"":""mdia"",""children"":[{""type"":""mdhd""},{""type"":""hdlr""},{""type"":""minf"",""children"":[{""type"":""smhd""},{""type"":""dinf"",""children"":[{""type"":""dref""}]},{""type"":""stbl"",""children"":[{""type"":""stsd"",""children"":[{""type"":""mp4a"",""children"":[{""type"":""esds""},{""type"":""btrt""}]}]},{""type"":""stts""},{""type"":""stsc""},{""type"":""stsz""},{""type"":""stco""},{""type"":""sgpd""},{""type"":""sbgp""}]}]}]}]},{""type"":""udta"",""children"":[{""type"":""meta"",""children"":[{""type"":""hdlr""},{""type"":""ilst""}]}]}]},{""type"":""free""},{""type"":""mdat""}]"
C:\DB\AI\AI11_PikaLabs_Pika2.5\AI11_04_df.mp4;AI;AI11;PikaLabs;Pika2.5;MIXED;DEEPFAKE;MP4;ORIGINAL;False;NATIVE;ftyp|moov(mvhd,trak(tkhd,edts(elst),mdia(mdhd,hdlr,minf(vmhd,dinf(dref),stbl(stsd(avc1(avcC,btrt)),stts,stss,ctts,stsc,stsz,stco)))),trak(tkhd,edts(elst),mdia(mdhd,hdlr,minf(smhd,dinf(dref),stbl(stsd(mp4a(esds,btrt)),stts,stsc,stsz,stco,sgpd,sbgp)))),udta(meta(hdlr,ilst)))|free|mdat;"[{""type"":""ftyp""},{""type"":""moov"",""children"":[{""type"":""mvhd""},{""type"":""trak"",""children"":[{""type"":""tkhd""},{""type"":""edts"",""children"":[{""type"":""elst""}]},{""type"":""mdia"",""children"":[{""type"":""mdhd""},{""type"":""hdlr""},{""type"":""minf"",""children"":[{""type"":""vmhd""},{""type"":""dinf"",""children"":[{""type"":""dref""}]},{""type"":""stbl"",""children"":[{""type"":""stsd"",""children"":[{""type"":""avc1"",""children"":[{""type"":""avcC""},{""type"":""btrt""}]}]},{""type"":""stts""},{""type"":""stss""},{""type"":""ctts""},{""type"":""stsc""},{""type"":""stsz""},{""type"":""stco""}]}]}]}]},{""type"":""trak"",""children"":[{""type"":""tkhd""},{""type"":""edts"",""children"":[{""type"":""elst""}]},{""type"":""mdia"",""children"":[{""type"":""mdhd""},{""type"":""hdlr""},{""type"":""minf"",""children"":[{""type"":""smhd""},{""type"":""dinf"",""children"":[{""type"":""dref""}]},{""type"":""stbl"",""children"":[{""type"":""stsd"",""children"":[{""type"":""mp4a"",""children"":[{""type"":""esds""},{""type"":""btrt""}]}]},{""type"":""stts""},{""type"":""stsc""},{""type"":""stsz""},{""type"":""stco""},{""type"":""sgpd""},{""type"":""sbgp""}]}]}]}]},{""type"":""udta"",""children"":[{""type"":""meta"",""children"":[{""type"":""hdlr""},{""type"":""ilst""}]}]}]},{""type"":""free""},{""type"":""mdat""}]"
C:\DB\AI\AI11_PikaLabs_Pika2.5\AI11_05_df.mp4;AI;AI11;PikaLabs;Pika2.5;MIXED;DEEPFAKE;MP4;ORIGINAL;False;NATIVE;ftyp|moov(mvhd,trak(tkhd,edts(elst),mdia(mdhd,hdlr,minf(vmhd,dinf(dref),stbl(stsd(avc1(avcC,btrt)),stts,stss,ctts,stsc,stsz,stco)))),trak(tkhd,edts(elst),mdia(mdhd,hdlr,minf(smhd,dinf(dref),stbl(stsd(mp4a(esds,btrt)),stts,stsc,stsz,stco,sgpd,sbgp)))),udta(meta(hdlr,ilst)))|free|mdat;"[{""type"":""ftyp""},{""type"":""moov"",""children"":[{""type"":""mvhd""},{""type"":""trak"",""children"":[{""type"":""tkhd""},{""type"":""edts"",""children"":[{""type"":""elst""}]},{""type"":""mdia"",""children"":[{""type"":""mdhd""},{""type"":""hdlr""},{""type"":""minf"",""children"":[{""type"":""vmhd""},{""type"":""dinf"",""children"":[{""type"":""dref""}]},{""type"":""stbl"",""children"":[{""type"":""stsd"",""children"":[{""type"":""avc1"",""children"":[{""type"":""avcC""},{""type"":""btrt""}]}]},{""type"":""stts""},{""type"":""stss""},{""type"":""ctts""},{""type"":""stsc""},{""type"":""stsz""},{""type"":""stco""}]}]}]}]},{""type"":""trak"",""children"":[{""type"":""tkhd""},{""type"":""edts"",""children"":[{""type"":""elst""}]},{""type"":""mdia"",""children"":[{""type"":""mdhd""},{""type"":""hdlr""},{""type"":""minf"",""children"":[{""type"":""smhd""},{""type"":""dinf"",""children"":[{""type"":""dref""}]},{""type"":""stbl"",""children"":[{""type"":""stsd"",""children"":[{""type"":""mp4a"",""children"":[{""type"":""esds""},{""type"":""btrt""}]}]},{""type"":""stts""},{""type"":""stsc""},{""type"":""stsz""},{""type"":""stco""},{""type"":""sgpd""},{""type"":""sbgp""}]}]}]}]},{""type"":""udta"",""children"":[{""type"":""meta"",""children"":[{""type"":""hdlr""},{""type"":""ilst""}]}]}]},{""type"":""free""},{""type"":""mdat""}]"
C:\DB\AI\AI11_PikaLabs_Pika2.5\AI11_06_synth.mp4;AI;AI11;PikaLabs;Pika2.5;AI_GENERATION;SYNTHETIC;MP4;ORIGINAL;False;NATIVE;ftyp|moov(mvhd,trak(tkhd,edts(elst),mdia(mdhd,hdlr,minf(vmhd,dinf(dref),stbl(stsd(avc1(avcC,btrt)),stts,stss,ctts,stsc,stsz,stco)))),udta(meta(hdlr,ilst)))|free|mdat;"[{""type"":""ftyp""},{""type"":""moov"",""children"":[{""type"":""mvhd""},{""type"":""trak"",""children"":[{""type"":""tkhd""},{""type"":""edts"",""children"":[{""type"":""elst""}]},{""type"":""mdia"",""children"":[{""type"":""mdhd""},{""type"":""hdlr""},{""type"":""minf"",""children"":[{""type"":""vmhd""},{""type"":""dinf"",""children"":[{""type"":""dref""}]},{""type"":""stbl"",""children"":[{""type"":""stsd"",""children"":[{""type"":""avc1"",""children"":[{""type"":""avcC""},{""type"":""btrt""}]}]},{""type"":""stts""},{""type"":""stss""},{""type"":""ctts""},{""type"":""stsc""},{""type"":""stsz""},{""type"":""stco""}]}]}]}]},{""type"":""udta"",""children"":[{""type"":""meta"",""children"":[{""type"":""hdlr""},{""type"":""ilst""}]}]}]},{""type"":""free""},{""type"":""mdat""}]"
C:\DB\AI\AI11_PikaLabs_Pika2.5\AI11_07_synth.mp4;AI;AI11;PikaLabs;Pika2.5;AI_GENERATION;SYNTHETIC;MP4;ORIGINAL;False;NATIVE;ftyp|moov(mvhd,trak(tkhd,edts(elst),mdia(mdhd,hdlr,minf(vmhd,dinf(dref),stbl(stsd(avc1(avcC,btrt)),stts,stss,ctts,stsc,stsz,stco)))),udta(meta(hdlr,ilst)))|free|mdat;"[{""type"":""ftyp""},{""type"":""moov"",""children"":[{""type"":""mvhd""},{""type"":""trak"",""children"":[{""type"":""tkhd""},{""type"":""edts"",""children"":[{""type"":""elst""}]},{""type"":""mdia"",""children"":[{""type"":""mdhd""},{""type"":""hdlr""},{""type"":""minf"",""children"":[{""type"":""vmhd""},{""type"":""dinf"",""children"":[{""type"":""dref""}]},{""type"":""stbl"",""children"":[{""type"":""stsd"",""children"":[{""type"":""avc1"",""children"":[{""type"":""avcC""},{""type"":""btrt""}]}]},{""type"":""stts""},{""type"":""stss""},{""type"":""ctts""},{""type"":""stsc""},{""type"":""stsz""},{""type"":""stco""}]}]}]}]},{""type"":""udta"",""children"":[{""type"":""meta"",""children"":[{""type"":""hdlr""},{""type"":""ilst""}]}]}]},{""type"":""free""},{""type"":""mdat""}]"
C:\DB\AI\AI11_PikaLabs_Pika2.5\AI11_08_synth.mp4;AI;AI11;PikaLabs;Pika2.5;AI_GENERATION;SYNTHETIC;MP4;ORIGINAL;False;NATIVE;ftyp|free|mdat|moov(mvhd,trak(tkhd,edts(elst),mdia(mdhd,hdlr,minf(vmhd,dinf(dref),stbl(stsd(avc1(avcC)),stts,stss,ctts,stsc,stsz,stco)))),udta(meta(hdlr,ilst)));"[{""type"":""ftyp""},{""type"":""free""},{""type"":""mdat""},{""type"":""moov"",""children"":[{""type"":""mvhd""},{""type"":""trak"",""children"":[{""type"":""tkhd""},{""type"":""edts"",""children"":[{""type"":""elst""}]},{""type"":""mdia"",""children"":[{""type"":""mdhd""},{""type"":""hdlr""},{""type"":""minf"",""children"":[{""type"":""vmhd""},{""type"":""dinf"",""children"":[{""type"":""dref""}]},{""type"":""stbl"",""children"":[{""type"":""stsd"",""children"":[{""type"":""avc1"",""children"":[{""type"":""avcC""}]}]},{""type"":""stts""},{""type"":""stss""},{""type"":""ctts""},{""type"":""stsc""},{""type"":""stsz""},{""type"":""stco""}]}]}]}]},{""type"":""udta"",""children"":[{""type"":""meta"",""children"":[{""type"":""hdlr""},{""type"":""ilst""}]}]}]}]"
C:\DB\AI\AI11_PikaLabs_Pika2.5\AI11_09_df.mp4;AI;AI11;PikaLabs;Pika2.5;MIXED;DEEPFAKE;MP4;ORIGINAL;False;NATIVE;ftyp|moov(mvhd,trak(tkhd,edts(elst),mdia(mdhd,hdlr,minf(vmhd,dinf(dref),stbl(stsd(avc1(avcC,btrt)),stts,stss,ctts,stsc,stsz,stco)))),udta(meta(hdlr,ilst)))|free|mdat;"[{""type"":""ftyp""},{""type"":""moov"",""children"":[{""type"":""mvhd""},{""type"":""trak"",""children"":[{""type"":""tkhd""},{""type"":""edts"",""children"":[{""type"":""elst""}]},{""type"":""mdia"",""children"":[{""type"":""mdhd""},{""type"":""hdlr""},{""type"":""minf"",""children"":[{""type"":""vmhd""},{""type"":""dinf"",""children"":[{""type"":""dref""}]},{""type"":""stbl"",""children"":[{""type"":""stsd"",""children"":[{""type"":""avc1"",""children"":[{""type"":""avcC""},{""type"":""btrt""}]}]},{""type"":""stts""},{""type"":""stss""},{""type"":""ctts""},{""type"":""stsc""},{""type"":""stsz""},{""type"":""stco""}]}]}]}]},{""type"":""udta"",""children"":[{""type"":""meta"",""children"":[{""type"":""hdlr""},{""type"":""ilst""}]}]}]},{""type"":""free""},{""type"":""mdat""}]"
C:\DB\AI\AI11_PikaLabs_Pika2.5\AI11_10_df.mp4;AI;AI11;PikaLabs;Pika2.5;MIXED;DEEPFAKE;MP4;ORIGINAL;False;NATIVE;ftyp|moov(mvhd,trak(tkhd,edts(elst),mdia(mdhd,hdlr,minf(vmhd,dinf(dref),stbl(stsd(avc1(avcC,btrt)),stts,stss,ctts,stsc,stsz,stco)))),udta(meta(hdlr,ilst)))|free|mdat;"[{""type"":""ftyp""},{""type"":""moov"",""children"":[{""type"":""mvhd""},{""type"":""trak"",""children"":[{""type"":""tkhd""},{""type"":""edts"",""children"":[{""type"":""elst""}]},{""type"":""mdia"",""children"":[{""type"":""mdhd""},{""type"":""hdlr""},{""type"":""minf"",""children"":[{""type"":""vmhd""},{""type"":""dinf"",""children"":[{""type"":""dref""}]},{""type"":""stbl"",""children"":[{""type"":""stsd"",""children"":[{""type"":""avc1"",""children"":[{""type"":""avcC""},{""type"":""btrt""}]}]},{""type"":""stts""},{""type"":""stss""},{""type"":""ctts""},{""type"":""stsc""},{""type"":""stsz""},{""type"":""stco""}]}]}]}]},{""type"":""udta"",""children"":[{""type"":""meta"",""children"":[{""type"":""hdlr""},{""type"":""ilst""}]}]}]},{""type"":""free""},{""type"":""mdat""}]"
C:\DB\AI\AI11_PikaLabs_Pika2.5\AI11_11_df.mp4;AI;AI11;PikaLabs;Pika2.5;MIXED;DEEPFAKE;MP4;ORIGINAL;False;NATIVE;ftyp|moov(mvhd,trak(tkhd,edts(elst),mdia(mdhd,hdlr,minf(vmhd,dinf(dref),stbl(stsd(avc1(avcC,btrt)),stts,stss,ctts,stsc,stsz,stco)))),udta(meta(hdlr,ilst)))|free|mdat;"[{""type"":""ftyp""},{""type"":""moov"",""children"":[{""type"":""mvhd""},{""type"":""trak"",""children"":[{""type"":""tkhd""},{""type"":""edts"",""children"":[{""type"":""elst""}]},{""type"":""mdia"",""children"":[{""type"":""mdhd""},{""type"":""hdlr""},{""type"":""minf"",""children"":[{""type"":""vmhd""},{""type"":""dinf"",""children"":[{""type"":""dref""}]},{""type"":""stbl"",""children"":[{""type"":""stsd"",""children"":[{""type"":""avc1"",""children"":[{""type"":""avcC""},{""type"":""btrt""}]}]},{""type"":""stts""},{""type"":""stss""},{""type"":""ctts""},{""type"":""stsc""},{""type"":""stsz""},{""type"":""stco""}]}]}]}]},{""type"":""udta"",""children"":[{""type"":""meta"",""children"":[{""type"":""hdlr""},{""type"":""ilst""}]}]}]},{""type"":""free""},{""type"":""mdat""}]"
