path;db_name;id;brand;model;content_source;content_type;media_type;processing;tampering;structure_pretty;structure_json;ngram_2;ngram_3;ngram_4
G:\Meine Ablage\Cybermaster\5_WT26\Masterarbeit\Testdaten\VISION\D01_Samsung_GalaxyS3Mini\D01_V_flat_move_0001.mp4;VISION;D01;Samsung;GalaxyS3Mini;DIGITAL_CAMERA;FLAT;MP4;ORIGINAL;NONE;ftyp|mdat|moov(mvhd,udta(smrd,smta),trak(tkhd,mdia(mdhd,hdlr,minf(vmhd,dinf(dref),stbl(stsd(avc1(avcC)),stts,stss,stsz,stsc,stco)))),trak(tkhd,mdia(mdhd,hdlr,minf(smhd,dinf(dref),stbl(stsd(mp4a(esds)),stts,stsz,stsc,stco)))));"[{""type"":""ftyp""},{""type"":""mdat""},{""type"":""moov"",""children"":[{""type"":""mvhd""},{""type"":""udta"",""children"":[{""type"":""smrd""},{""type"":""smta""}]},{""type"":""trak"",""children"":[{""type"":""tkhd""},{""type"":""mdia"",""children"":[{""type"":""mdhd""},{""type"":""hdlr""},{""type"":""minf"",""children"":[{""type"":""vmhd""},{""type"":""dinf"",""children"":[{""type"":""dref""}]},{""type"":""stbl"",""children"":[{""type"":""stsd"",""children"":[{""type"":""avc1"",""children"":[{""type"":""avcC""}]}]},{""type"":""stts""},{""type"":""stss""},{""type"":""stsz""},{""type"":""stsc""},{""type"":""stco""}]}]}]}]},{""type"":""trak"",""children"":[{""type"":""tkhd""},{""type"":""mdia"",""children"":[{""type"":""mdhd""},{""type"":""hdlr""},{""type"":""minf"",""children"":[{""type"":""smhd""},{""type"":""dinf"",""children"":[{""type"":""dref""}]},{""type"":""stbl"",""children"":[{""type"":""stsd"",""children"":[{""type"":""mp4a"",""children"":[{""type"":""esds""}]}]},{""type"":""stts""},{""type"":""stsz""},{""type"":""stsc""},{""type"":""stco""}]}]}]}]}]}]";avc1avcCavcCsttsdinfdrefdrefstblesdssttsftypmdathdlrminfmdatmoovmdhdhdlrmdiamdhdminfsmhdminfvmhdmoovmvhdmp4aesdsmvhdudtasmhddinfsmrdsmtasmtatrakstblstsdstcotrakstscstcostsdavc1stsdmp4astssstszstszstscsttsstsssttsstsztkhdmdiatraktkhdudtasmrdvmhddinf;avc1avcCsttsavcCsttsstssdinfdrefstbldrefstblstsdesdssttsstszftypmdatmoovhdlrminfsmhdhdlrminfvmhdmdatmoovmvhdmdhdhdlrminfmdiamdhdhdlrminfsmhddinfminfvmhddinfmoovmvhdudtamp4aesdssttsmvhdudtasmrdsmhddinfdrefsmrdsmtatraksmtatraktkhdstblstsdavc1stblstsdmp4astcotraktkhdstscstcotrakstsdavc1avcCstsdmp4aesdsstssstszstscstszstscstcosttsstssstszsttsstszstsctkhdmdiamdhdtraktkhdmdiaudtasmrdsmtavmhddinfdref;avc1avcCsttsstssavcCsttsstssstszdinfdrefstblstsddrefstblstsdavc1drefstblstsdmp4aesdssttsstszstscftypmdatmoovmvhdhdlrminfsmhddinfhdlrminfvmhddinfmdatmoovmvhdudtamdhdhdlrminfsmhdmdhdhdlrminfvmhdmdiamdhdhdlrminfminfsmhddinfdrefminfvmhddinfdrefmoovmvhdudtasmrdmp4aesdssttsstszmvhdudtasmrdsmtasmhddinfdrefstblsmrdsmtatraktkhdsmtatraktkhdmdiastblstsdavc1avcCstblstsdmp4aesdsstcotraktkhdmdiastscstcotraktkhdstsdavc1avcCsttsstsdmp4aesdssttsstssstszstscstcostszstscstcotraksttsstssstszstscsttsstszstscstcotkhdmdiamdhdhdlrtraktkhdmdiamdhdudtasmrdsmtatrakvmhddinfdrefstbl
G:\Meine Ablage\Cybermaster\5_WT26\Masterarbeit\Testdaten\VISION\D01_Samsung_GalaxyS3Mini\D01_V_flat_move_0002.mp4;VISION;D01;Samsung;GalaxyS3Mini;DIGITAL_CAMERA;FLAT;MP4;ORIGINAL;NONE;ftyp|mdat|moov(mvhd,udta(smrd,smta),trak(tkhd,mdia(mdhd,hdlr,minf(vmhd,dinf(dref),stbl(stsd(avc1(avcC)),stts,stss,stsz,stsc,stco)))),trak(tkhd,mdia(mdhd,hdlr,minf(smhd,dinf(dref),stbl(stsd(mp4a(esds)),stts,stsz,stsc,stco)))));"[{""type"":""ftyp""},{""type"":""mdat""},{""type"":""moov"",""children"":[{""type"":""mvhd""},{""type"":""udta"",""children"":[{""type"":""smrd""},{""type"":""smta""}]},{""type"":""trak"",""children"":[{""type"":""tkhd""},{""type"":""mdia"",""children"":[{""type"":""mdhd""},{""type"":""hdlr""},{""type"":""minf"",""children"":[{""type"":""vmhd""},{""type"":""dinf"",""children"":[{""type"":""dref""}]},{""type"":""stbl"",""children"":[{""type"":""stsd"",""children"":[{""type"":""avc1"",""children"":[{""type"":""avcC""}]}]},{""type"":""stts""},{""type"":""stss""},{""type"":""stsz""},{""type"":""stsc""},{""type"":""stco""}]}]}]}]},{""type"":""trak"",""children"":[{""type"":""tkhd""},{""type"":""mdia"",""children"":[{""type"":""mdhd""},{""type"":""hdlr""},{""type"":""minf"",""children"":[{""type"":""smhd""},{""type"":""dinf"",""children"":[{""type"":""dref""}]},{""type"":""stbl"",""children"":[{""type"":""stsd"",""children"":[{""type"":""mp4a"",""children"":[{""type"":""esds""}]}]},{""type"":""stts""},{""type"":""stsz""},{""type"":""stsc""},{""type"":""stco""}]}]}]}]}]}]";avc1avcCavcCsttsdinfdrefdrefstblesdssttsftypmdathdlrminfmdatmoovmdhdhdlrmdiamdhdminfsmhdminfvmhdmoovmvhdmp4aesdsmvhdudtasmhddinfsmrdsmtasmtatrakstblstsdstcotrakstscstcostsdavc1stsdmp4astssstszstszstscsttsstsssttsstsztkhdmdiatraktkhdudtasmrdvmhddinf;avc1avcCsttsavcCsttsstssdinfdrefstbldrefstblstsdesdssttsstszftypmdatmoovhdlrminfsmhdhdlrminfvmhdmdatmoovmvhdmdhdhdlrminfmdiamdhdhdlrminfsmhddinfminfvmhddinfmoovmvhdudtamp4aesdssttsmvhdudtasmrdsmhddinfdrefsmrdsmtatraksmtatraktkhdstblstsdavc1stblstsdmp4astcotraktkhdstscstcotrakstsdavc1avcCstsdmp4aesdsstssstszstscstszstscstcosttsstssstszsttsstszstsctkhdmdiamdhdtraktkhdmdiaudtasmrdsmtavmhddinfdref;avc1avcCsttsstssavcCsttsstssstszdinfdrefstblstsddrefstblstsdavc1drefstblstsdmp4aesdssttsstszstscftypmdatmoovmvhdhdlrminfsmhddinfhdlrminfvmhddinfmdatmoovmvhdudtamdhdhdlrminfsmhdmdhdhdlrminfvmhdmdiamdhdhdlrminfminfsmhddinfdrefminfvmhddinfdrefmoovmvhdudtasmrdmp4aesdssttsstszmvhdudtasmrdsmtasmhddinfdrefstblsmrdsmtatraktkhdsmtatraktkhdmdiastblstsdavc1avcCstblstsdmp4aesdsstcotraktkhdmdiastscstcotraktkhdstsdavc1avcCsttsstsdmp4aesdssttsstssstszstscstcostszstscstcotraksttsstssstszstscsttsstszstscstcotkhdmdiamdhdhdlrtraktkhdmdiamdhdudtasmrdsmtatrakvmhddinfdrefstbl
G:\Meine Ablage\Cybermaster\5_WT26\Masterarbeit\Testdaten\VISION\D02_Apple_iPhone4s\D02_V_flat_move_0001.mov;VISION;D02;Apple;iPhone4s;DIGITAL_CAMERA;FLAT;MOV;ORIGINAL;NONE;ftyp|wide|mdat|moov(mvhd,trak(tkhd,tapt,edts(elst),mdia(mdhd,hdlr,minf(vmhd,hdlr,dinf(dref),stbl(stsd(avc1(avcC,colr)),stts,stss,sdtp,stsc,stsz,stco))),meta(hdlr,keys,ilst)),trak(tkhd,edts(elst),mdia(mdhd,hdlr,minf(smhd,hdlr,dinf(dref),stbl(stsd(mp4a(chan,wave(frma,mp4a,esds))),stts,stsc,stsz,stco)))),udta(©mod,©swr,©day,©xyz,©mak),free,meta(hdlr,keys,ilst,free));"[{""type"":""ftyp""},{""type"":""wide""},{""type"":""mdat""},{""type"":""moov"",""children"":[{""type"":""mvhd""},{""type"":""trak"",""children"":[{""type"":""tkhd""},{""type"":""tapt""},{""type"":""edts"",""children"":[{""type"":""elst""}]},{""type"":""mdia"",""children"":[{""type"":""mdhd""},{""type"":""hdlr""},{""type"":""minf"",""children"":[{""type"":""vmhd""},{""type"":""hdlr""},{""type"":""dinf"",""children"":[{""type"":""dref""}]},{""type"":""stbl"",""children"":[{""type"":""stsd"",""children"":[{""type"":""avc1"",""children"":[{""type"":""avcC""},{""type"":""colr""}]}]},{""type"":""stts""},{""type"":""stss""},{""type"":""sdtp""},{""type"":""stsc""},{""type"":""stsz""},{""type"":""stco""}]}]}]},{""type"":""meta"",""children"":[{""type"":""hdlr""},{""type"":""keys""},{""type"":""ilst""}]}]},{""type"":""trak"",""children"":[{""type"":""tkhd""},{""type"":""edts"",""children"":[{""type"":""elst""}]},{""type"":""mdia"",""children"":[{""type"":""mdhd""},{""type"":""hdlr""},{""type"":""minf"",""children"":[{""type"":""smhd""},{""type"":""hdlr""},{""type"":""dinf"",""children"":[{""type"":""dref""}]},{""type"":""stbl"",""children"":[{""type"":""stsd"",""children"":[{""type"":""mp4a"",""children"":[{""type"":""chan""},{""type"":""wave"",""children"":[{""type"":""frma""},{""type"":""mp4a""},{""type"":""esds""}]}]}]},{""type"":""stts""},{""type"":""stsc""},{""type"":""stsz""},{""type"":""stco""}]}]}]}]},{""type"":""udta"",""children"":[{""type"":""\u00a9mod""},{""type"":""\u00a9swr""},{""type"":""\u00a9day""},{""type"":""\u00a9xyz""},{""type"":""\u00a9mak""}]},{""type"":""free""},{""type"":""meta"",""children"":[{""type"":""hdlr""},{""type"":""keys""},{""type"":""ilst""},{""type"":""free""}]}]}]";avc1avcCavcCcolrchanwavecolrsttsdinfdrefdrefstbledtselstelstmdiaesdssttsfreemetafrmamp4aftypwidehdlrdinfhdlrkeyshdlrminfilstfreeilsttrakkeysilstmdatmoovmdhdhdlrmdiamdhdmetahdlrminfsmhdminfvmhdmoovmvhdmp4achanmp4aesdsmvhdtraksdtpstscsmhdhdlrstblstsdstcometastcoudtastscstszstsdavc1stsdmp4astsssdtpstszstcosttsstscsttsstsstaptedtstkhdedtstkhdtapttraktkhdudta©modvmhdhdlrwavefrmawidemdat©day©xyz©makfree©mod©swr©swr©day©xyz©mak;avc1avcCcolravcCcolrsttschanwavefrmacolrsttsstssdinfdrefstbldrefstblstsdedtselstmdiaelstmdiamdhdesdssttsstscfreemetahdlrfrmamp4aesdsftypwidemdathdlrdinfdrefhdlrkeysilsthdlrminfsmhdhdlrminfvmhdilsttraktkhdkeysilstfreekeysilsttrakmdatmoovmvhdmdhdhdlrminfmdiamdhdhdlrmetahdlrkeysminfsmhdhdlrminfvmhdhdlrmoovmvhdtrakmp4achanwavemp4aesdssttsmvhdtraktkhdsdtpstscstszsmhdhdlrdinfstblstsdavc1stblstsdmp4astcometahdlrstcoudta©modstscstszstcostsdavc1avcCstsdmp4achanstsssdtpstscstszstcometastszstcoudtasttsstscstszsttsstsssdtptaptedtselsttkhdedtselsttkhdtaptedtstraktkhdedtstraktkhdtaptudta©mod©swrvmhdhdlrdinfwavefrmamp4awidemdatmoov©day©xyz©mak©makfreemeta©mod©swr©day©swr©day©xyz©xyz©makfree;avc1avcCcolrsttsavcCcolrsttsstsschanwavefrmamp4acolrsttsstsssdtpdinfdrefstblstsddrefstblstsdavc1drefstblstsdmp4aedtselstmdiamdhdelstmdiamdhdhdlresdssttsstscstszfreemetahdlrkeysfrmamp4aesdssttsftypwidemdatmoovhdlrdinfdrefstblhdlrkeysilstfreehdlrkeysilsttrakhdlrminfsmhdhdlrhdlrminfvmhdhdlrilsttraktkhdedtskeysilsttraktkhdmdatmoovmvhdtrakmdhdhdlrminfsmhdmdhdhdlrminfvmhdmdiamdhdhdlrminfmetahdlrkeysilstminfsmhdhdlrdinfminfvmhdhdlrdinfmoovmvhdtraktkhdmp4achanwavefrmamp4aesdssttsstscmvhdtraktkhdtaptsdtpstscstszstcosmhdhdlrdinfdrefstblstsdavc1avcCstblstsdmp4achanstcometahdlrkeysstcoudta©mod©swrstscstszstcometastscstszstcoudtastsdavc1avcCcolrstsdmp4achanwavestsssdtpstscstszstszstcometahdlrstszstcoudta©modsttsstscstszstcosttsstsssdtpstsctaptedtselstmdiatkhdedtselstmdiatkhdtaptedtselsttraktkhdedtselsttraktkhdtaptedtsudta©mod©swr©dayvmhdhdlrdinfdrefwavefrmamp4aesdswidemdatmoovmvhd©day©xyz©makfree©makfreemetahdlr©mod©swr©day©xyz©swr©day©xyz©mak©xyz©makfreemeta
G:\Meine Ablage\Cybermaster\5_WT26\Masterarbeit\Testdaten\VISION\D03_Huawei_P9\D03_V_flat_move_0001.mp4;VISION;D03;Huawei;P9;DIGITAL_CAMERA;FLAT;MP4;ORIGINAL;NONE;ftyp|moov(mvhd,meta(hdlr,keys,ilst),trak(tkhd,mdia(mdhd,hdlr,minf(vmhd,dinf(dref),stbl(stsd(avc1(avcC,pasp)),stts,stss,stsz,stsc,co64)))),trak(tkhd,mdia(mdhd,hdlr,minf(smhd,dinf(dref),stbl(stsd(mp4a(esds)),stts,stsz,stsc,co64)))))|free|mdat;"[{""type"":""ftyp""},{""type"":""moov"",""children"":[{""type"":""mvhd""},{""type"":""meta"",""children"":[{""type"":""hdlr""},{""type"":""keys""},{""type"":""ilst""}]},{""type"":""trak"",""children"":[{""type"":""tkhd""},{""type"":""mdia"",""children"":[{""type"":""mdhd""},{""type"":""hdlr""},{""type"":""minf"",""children"":[{""type"":""vmhd""},{""type"":""dinf"",""children"":[{""type"":""dref""}]},{""type"":""stbl"",""children"":[{""type"":""stsd"",""children"":[{""type"":""avc1"",""children"":[{""type"":""avcC""},{""type"":""pasp""}]}]},{""type"":""stts""},{""type"":""stss""},{""type"":""stsz""},{""type"":""stsc""},{""type"":""co64""}]}]}]}]},{""type"":""trak"",""children"":[{""type"":""tkhd""},{""type"":""mdia"",""children"":[{""type"":""mdhd""},{""type"":""hdlr""},{""type"":""minf"",""children"":[{""type"":""smhd""},{""type"":""dinf"",""children"":[{""type"":""dref""}]},{""type"":""stbl"",""children"":[{""type"":""stsd"",""children"":[{""type"":""mp4a"",""children"":[{""type"":""esds""}]}]},{""type"":""stts""},{""type"":""stsz""},{""type"":""stsc""},{""type"":""co64""}]}]}]}]}]},{""type"":""free""},{""type"":""mdat""}]";avc1avcCavcCpaspco64freeco64trakdinfdrefdrefstblesdssttsfreemdatftypmoovhdlrkeyshdlrminfilsttrakkeysilstmdhdhdlrmdiamdhdmetahdlrminfsmhdminfvmhdmoovmvhdmp4aesdsmvhdmetapaspsttssmhddinfstblstsdstscco64stsdavc1stsdmp4astssstszstszstscsttsstsssttsstsztkhdmdiatraktkhdvmhddinf;avc1avcCpaspavcCpaspsttsco64freemdatco64traktkhddinfdrefstbldrefstblstsdesdssttsstszftypmoovmvhdhdlrkeysilsthdlrminfsmhdhdlrminfvmhdilsttraktkhdkeysilsttrakmdhdhdlrminfmdiamdhdhdlrmetahdlrkeysminfsmhddinfminfvmhddinfmoovmvhdmetamp4aesdssttsmvhdmetahdlrpaspsttsstsssmhddinfdrefstblstsdavc1stblstsdmp4astscco64freestscco64trakstsdavc1avcCstsdmp4aesdsstssstszstscstszstscco64sttsstssstszsttsstszstsctkhdmdiamdhdtraktkhdmdiavmhddinfdref;avc1avcCpaspsttsavcCpaspsttsstssco64traktkhdmdiadinfdrefstblstsddrefstblstsdavc1drefstblstsdmp4aesdssttsstszstscftypmoovmvhdmetahdlrkeysilsttrakhdlrminfsmhddinfhdlrminfvmhddinfilsttraktkhdmdiakeysilsttraktkhdmdhdhdlrminfsmhdmdhdhdlrminfvmhdmdiamdhdhdlrminfmetahdlrkeysilstminfsmhddinfdrefminfvmhddinfdrefmoovmvhdmetahdlrmp4aesdssttsstszmvhdmetahdlrkeyspaspsttsstssstszsmhddinfdrefstblstblstsdavc1avcCstblstsdmp4aesdsstscco64freemdatstscco64traktkhdstsdavc1avcCpaspstsdmp4aesdssttsstssstszstscco64stszstscco64freestszstscco64traksttsstssstszstscsttsstszstscco64tkhdmdiamdhdhdlrtraktkhdmdiamdhdvmhddinfdrefstbl
G:\Meine Ablage\Cybermaster\5_WT26\Masterarbeit\Testdaten\SELFMADE\AI\AI08_perplexity_veo_synth_squirrel.mp4;SELFMADE;AI08;Perplexity;Veo_3.1;AI_GENERATION;SYNTHETIC;MP4;ORIGINAL;NONE;ftyp|moov(mvhd,trak(tkhd,edts(elst),mdia(mdhd,hdlr,minf(vmhd,dinf(dref),stbl(stsd(avc1(avcC,btrt)),stts,stss,ctts,stsc,stsz,stco)))),udta(meta(hdlr,ilst)))|free|mdat;"[{""type"":""ftyp""},{""type"":""moov"",""children"":[{""type"":""mvhd""},{""type"":""trak"",""children"":[{""type"":""tkhd""},{""type"":""edts"",""children"":[{""type"":""elst""}]},{""type"":""mdia"",""children"":[{""type"":""mdhd""},{""type"":""hdlr""},{""type"":""minf"",""children"":[{""type"":""vmhd""},{""type"":""dinf"",""children"":[{""type"":""dref""}]},{""type"":""stbl"",""children"":[{""type"":""stsd"",""children"":[{""type"":""avc1"",""children"":[{""type"":""avcC""},{""type"":""btrt""}]}]},{""type"":""stts""},{""type"":""stss""},{""type"":""ctts""},{""type"":""stsc""},{""type"":""stsz""},{""type"":""stco""}]}]}]}]},{""type"":""udta"",""children"":[{""type"":""meta"",""children"":[{""type"":""hdlr""},{""type"":""ilst""}]}]}]},{""type"":""free""},{""type"":""mdat""}]";avc1avcCavcCbtrtbtrtsttscttsstscdinfdrefdrefstbledtselstelstmdiafreemdatftypmoovhdlrilsthdlrminfilstfreemdhdhdlrmdiamdhdmetahdlrminfvmhdmoovmvhdmvhdtrakstblstsdstcoudtastscstszstsdavc1stsscttsstszstcosttsstsstkhdedtstraktkhdudtametavmhddinf;avc1avcCbtrtavcCbtrtsttsbtrtsttsstsscttsstscstszdinfdrefstbldrefstblstsdedtselstmdiaelstmdiamdhdftypmoovmvhdhdlrilstfreehdlrminfvmhdilstfreemdatmdhdhdlrminfmdiamdhdhdlrmetahdlrilstminfvmhddinfmoovmvhdtrakmvhdtraktkhdstblstsdavc1stcoudtametastscstszstcostsdavc1avcCstsscttsstscstszstcoudtasttsstsscttstkhdedtselsttraktkhdedtsudtametahdlrvmhddinfdref;avc1avcCbtrtsttsavcCbtrtsttsstssbtrtsttsstsscttscttsstscstszstcodinfdrefstblstsddrefstblstsdavc1edtselstmdiamdhdelstmdiamdhdhdlrftypmoovmvhdtrakhdlrilstfreemdathdlrminfvmhddinfmdhdhdlrminfvmhdmdiamdhdhdlrminfmetahdlrilstfreeminfvmhddinfdrefmoovmvhdtraktkhdmvhdtraktkhdedtsstblstsdavc1avcCstcoudtametahdlrstscstszstcoudtastsdavc1avcCbtrtstsscttsstscstszstszstcoudtametasttsstsscttsstsctkhdedtselstmdiatraktkhdedtselstudtametahdlrilstvmhddinfdrefstbl
G:\Meine Ablage\Cybermaster\5_WT26\Masterarbeit\Testdaten\SELFMADE\AI\AI04_pika_pika_synth_squirrel.mp4;SELFMADE;AI04;Pika;Pika_2.5;AI_GENERATION;SYNTHETIC;MP4;ORIGINAL;NONE;ftyp|free|mdat|moov(mvhd,trak(tkhd,edts(elst),mdia(mdhd,hdlr,minf(vmhd,dinf(dref),stbl(stsd(avc1(avcC)),stts,stss,ctts,stsc,stsz,stco)))),udta(meta(hdlr,ilst)));"[{""type"":""ftyp""},{""type"":""free""},{""type"":""mdat""},{""type"":""moov"",""children"":[{""type"":""mvhd""},{""type"":""trak"",""children"":[{""type"":""tkhd""},{""type"":""edts"",""children"":[{""type"":""elst""}]},{""type"":""mdia"",""children"":[{""type"":""mdhd""},{""type"":""hdlr""},{""type"":""minf"",""children"":[{""type"":""vmhd""},{""type"":""dinf"",""children"":[{""type"":""dref""}]},{""type"":""stbl"",""children"":[{""type"":""stsd"",""children"":[{""type"":""avc1"",""children"":[{""type"":""avcC""}]}]},{""type"":""stts""},{""type"":""stss""},{""type"":""ctts""},{""type"":""stsc""},{""type"":""stsz""},{""type"":""stco""}]}]}]}]},{""type"":""udta"",""children"":[{""type"":""meta"",""children"":[{""type"":""hdlr""},{""type"":""ilst""}]}]}]}]";avc1avcCavcCsttscttsstscdinfdrefdrefstbledtselstelstmdiafreemdatftypfreehdlrilsthdlrminfmdatmoovmdhdhdlrmdiamdhdmetahdlrminfvmhdmoovmvhdmvhdtrakstblstsdstcoudtastscstszstsdavc1stsscttsstszstcosttsstsstkhdedtstraktkhdudtametavmhddinf;avc1avcCsttsavcCsttsstsscttsstscstszdinfdrefstbldrefstblstsdedtselstmdiaelstmdiamdhdfreemdatmoovftypfreemdathdlrminfvmhdmdatmoovmvhdmdhdhdlrminfmdiamdhdhdlrmetahdlrilstminfvmhddinfmoovmvhdtrakmvhdtraktkhdstblstsdavc1stcoudtametastscstszstcostsdavc1avcCstsscttsstscstszstcoudtasttsstsscttstkhdedtselsttraktkhdedtsudtametahdlrvmhddinfdref;avc1avcCsttsstssavcCsttsstsscttscttsstscstszstcodinfdrefstblstsddrefstblstsdavc1edtselstmdiamdhdelstmdiamdhdhdlrfreemdatmoovmvhdftypfreemdatmoovhdlrminfvmhddinfmdatmoovmvhdtrakmdhdhdlrminfvmhdmdiamdhdhdlrminfminfvmhddinfdrefmoovmvhdtraktkhdmvhdtraktkhdedtsstblstsdavc1avcCstcoudtametahdlrstscstszstcoudtastsdavc1avcCsttsstsscttsstscstszstszstcoudtametasttsstsscttsstsctkhdedtselstmdiatraktkhdedtselstudtametahdlrilstvmhddinfdrefstbl
G:\Meine Ablage\Cybermaster\5_WT26\Masterarbeit\Testdaten\SELFMADE\AI\AI01_grok_imagine_synth_cyborg.mp4;SELFMADE;AI01;Grok;Imagine_0.9;AI_GENERATION;SYNTHETIC;MP4;ORIGINAL;NONE;ftyp|moov(mvhd,trak(tkhd,edts(elst),mdia(mdhd,hdlr,minf(vmhd,dinf(dref),stbl(stsd(avc1(avcC,btrt)),stts,stss,ctts,stsc,stsz,stco)))),trak(tkhd,edts(elst),mdia(mdhd,hdlr,minf(smhd,dinf(dref),stbl(stsd(mp4a(esds,btrt)),stts,stsc,stsz,stco,sgpd,sbgp)))),udta(meta(hdlr,ilst)))|free|mdat;"[{""type"":""ftyp""},{""type"":""moov"",""children"":[{""type"":""mvhd""},{""type"":""trak"",""children"":[{""type"":""tkhd""},{""type"":""edts"",""children"":[{""type"":""elst""}]},{""type"":""mdia"",""children"":[{""type"":""mdhd""},{""type"":""hdlr""},{""type"":""minf"",""children"":[{""type"":""vmhd""},{""type"":""dinf"",""children"":[{""type"":""dref""}]},{""type"":""stbl"",""children"":[{""type"":""stsd"",""children"":[{""type"":""avc1"",""children"":[{""type"":""avcC""},{""type"":""btrt""}]}]},{""type"":""stts""},{""type"":""stss""},{""type"":""ctts""},{""type"":""stsc""},{""type"":""stsz""},{""type"":""stco""}]}]}]}]},{""type"":""trak"",""children"":[{""type"":""tkhd""},{""type"":""edts"",""children"":[{""type"":""elst""}]},{""type"":""mdia"",""children"":[{""type"":""mdhd""},{""type"":""hdlr""},{""type"":""minf"",""children"":[{""type"":""smhd""},{""type"":""dinf"",""children"":[{""type"":""dref""}]},{""type"":""stbl"",""children"":[{""type"":""stsd"",""children"":[{""type"":""mp4a"",""children"":[{""type"":""esds""},{""type"":""btrt""}]}]},{""type"":""stts""},{""type"":""stsc""},{""type"":""stsz""},{""type"":""stco""},{""type"":""sgpd""},{""type"":""sbgp""}]}]}]}]},{""type"":""udta"",""children"":[{""type"":""meta"",""children"":[{""type"":""hdlr""},{""type"":""ilst""}]}]}]},{""type"":""free""},{""type"":""mdat""}]";avc1avcCavcCbtrtbtrtsttscttsstscdinfdrefdrefstbledtselstelstmdiaesdsbtrtfreemdatftypmoovhdlrilsthdlrminfilstfreemdhdhdlrmdiamdhdmetahdlrminfsmhdminfvmhdmoovmvhdmp4aesdsmvhdtraksbgpudtasgpdsbgpsmhddinfstblstsdstcosgpdstcotrakstscstszstsdavc1stsdmp4astsscttsstszstcosttsstscsttsstsstkhdedtstraktkhdudtametavmhddinf;avc1avcCbtrtavcCbtrtsttsbtrtsttsstscbtrtsttsstsscttsstscstszdinfdrefstbldrefstblstsdedtselstmdiaelstmdiamdhdesdsbtrtsttsftypmoovmvhdhdlrilstfreehdlrminfsmhdhdlrminfvmhdilstfreemdatmdhdhdlrminfmdiamdhdhdlrmetahdlrilstminfsmhddinfminfvmhddinfmoovmvhdtrakmp4aesdsbtrtmvhdtraktkhdsbgpudtametasgpdsbgpudtasmhddinfdrefstblstsdavc1stblstsdmp4astcosgpdsbgpstcotraktkhdstscstszstcostsdavc1avcCstsdmp4aesdsstsscttsstscstszstcosgpdstszstcotraksttsstscstszsttsstsscttstkhdedtselsttraktkhdedtsudtametahdlrvmhddinfdref;avc1avcCbtrtsttsavcCbtrtsttsstssbtrtsttsstscstszbtrtsttsstsscttscttsstscstszstcodinfdrefstblstsddrefstblstsdavc1drefstblstsdmp4aedtselstmdiamdhdelstmdiamdhdhdlresdsbtrtsttsstscftypmoovmvhdtrakhdlrilstfreemdathdlrminfsmhddinfhdlrminfvmhddinfmdhdhdlrminfsmhdmdhdhdlrminfvmhdmdiamdhdhdlrminfmetahdlrilstfreeminfsmhddinfdrefminfvmhddinfdrefmoovmvhdtraktkhdmp4aesdsbtrtsttsmvhdtraktkhdedtssbgpudtametahdlrsgpdsbgpudtametasmhddinfdrefstblstblstsdavc1avcCstblstsdmp4aesdsstcosgpdsbgpudtastcotraktkhdedtsstscstszstcosgpdstscstszstcotrakstsdavc1avcCbtrtstsdmp4aesdsbtrtstsscttsstscstszstszstcosgpdsbgpstszstcotraktkhdsttsstscstszstcosttsstsscttsstsctkhdedtselstmdiatraktkhdedtselstudtametahdlrilstvmhddinfdrefstbl
G:\Meine Ablage\Cybermaster\5_WT26\Masterarbeit\Testdaten\SELFMADE\AI\AI06_bing_sora_synth_squirrel.mp4;SELFMADE;AI06;Bing;Sora_2.0;AI_GENERATION;SYNTHETIC;MP4;ORIGINAL;NONE;ftyp|uuid|moov(mvhd,trak(tkhd,edts(elst),mdia(mdhd,hdlr,minf(vmhd,dinf(dref),stbl(stsd(avc1(avcC,btrt)),stts,stss,ctts,stsc,stsz,stco)))),trak(tkhd,edts(elst),mdia(mdhd,hdlr,minf(smhd,dinf(dref),stbl(stsd(mp4a(esds,btrt)),stts,stsc,stsz,stco,sgpd,sbgp)))),udta(meta(hdlr,ilst)))|free|mdat;"[{""type"":""ftyp""},{""type"":""uuid""},{""type"":""moov"",""children"":[{""type"":""mvhd""},{""type"":""trak"",""children"":[{""type"":""tkhd""},{""type"":""edts"",""children"":[{""type"":""elst""}]},{""type"":""mdia"",""children"":[{""type"":""mdhd""},{""type"":""hdlr""},{""type"":""minf"",""children"":[{""type"":""vmhd""},{""type"":""dinf"",""children"":[{""type"":""dref""}]},{""type"":""stbl"",""children"":[{""type"":""stsd"",""children"":[{""type"":""avc1"",""children"":[{""type"":""avcC""},{""type"":""btrt""}]}]},{""type"":""stts""},{""type"":""stss""},{""type"":""ctts""},{""type"":""stsc""},{""type"":""stsz""},{""type"":""stco""}]}]}]}]},{""type"":""trak"",""children"":[{""type"":""tkhd""},{""type"":""edts"",""children"":[{""type"":""elst""}]},{""type"":""mdia"",""children"":[{""type"":""mdhd""},{""type"":""hdlr""},{""type"":""minf"",""children"":[{""type"":""smhd""},{""type"":""dinf"",""children"":[{""type"":""dref""}]},{""type"":""stbl"",""children"":[{""type"":""stsd"",""children"":[{""type"":""mp4a"",""children"":[{""type"":""esds""},{""type"":""btrt""}]}]},{""type"":""stts""},{""type"":""stsc""},{""type"":""stsz""},{""type"":""stco""},{""type"":""sgpd""},{""type"":""sbgp""}]}]}]}]},{""type"":""udta"",""children"":[{""type"":""meta"",""children"":[{""type"":""hdlr""},{""type"":""ilst""}]}]}]},{""type"":""free""},{""type"":""mdat""}]";avc1avcCavcCbtrtbtrtsttscttsstscdinfdrefdrefstbledtselstelstmdiaesdsbtrtfreemdatftypuuidhdlrilsthdlrminfilstfreemdhdhdlrmdiamdhdmetahdlrminfsmhdminfvmhdmoovmvhdmp4aesdsmvhdtraksbgpudtasgpdsbgpsmhddinfstblstsdstcosgpdstcotrakstscstszstsdavc1stsdmp4astsscttsstszstcosttsstscsttsstsstkhdedtstraktkhdudtametauuidmoovvmhddinf;avc1avcCbtrtavcCbtrtsttsbtrtsttsstscbtrtsttsstsscttsstscstszdinfdrefstbldrefstblstsdedtselstmdiaelstmdiamdhdesdsbtrtsttsftypuuidmoovhdlrilstfreehdlrminfsmhdhdlrminfvmhdilstfreemdatmdhdhdlrminfmdiamdhdhdlrmetahdlrilstminfsmhddinfminfvmhddinfmoovmvhdtrakmp4aesdsbtrtmvhdtraktkhdsbgpudtametasgpdsbgpudtasmhddinfdrefstblstsdavc1stblstsdmp4astcosgpdsbgpstcotraktkhdstscstszstcostsdavc1avcCstsdmp4aesdsstsscttsstscstszstcosgpdstszstcotraksttsstscstszsttsstsscttstkhdedtselsttraktkhdedtsudtametahdlruuidmoovmvhdvmhddinfdref;avc1avcCbtrtsttsavcCbtrtsttsstssbtrtsttsstscstszbtrtsttsstsscttscttsstscstszstcodinfdrefstblstsddrefstblstsdavc1drefstblstsdmp4aedtselstmdiamdhdelstmdiamdhdhdlresdsbtrtsttsstscftypuuidmoovmvhdhdlrilstfreemdathdlrminfsmhddinfhdlrminfvmhddinfmdhdhdlrminfsmhdmdhdhdlrminfvmhdmdiamdhdhdlrminfmetahdlrilstfreeminfsmhddinfdrefminfvmhddinfdrefmoovmvhdtraktkhdmp4aesdsbtrtsttsmvhdtraktkhdedtssbgpudtametahdlrsgpdsbgpudtametasmhddinfdrefstblstblstsdavc1avcCstblstsdmp4aesdsstcosgpdsbgpudtastcotraktkhdedtsstscstszstcosgpdstscstszstcotrakstsdavc1avcCbtrtstsdmp4aesdsbtrtstsscttsstscstszstszstcosgpdsbgpstszstcotraktkhdsttsstscstszstcosttsstsscttsstsctkhdedtselstmdiatraktkhdedtselstudtametahdlrilstuuidmoovmvhdtrakvmhddinfdrefstbl
G:\Meine Ablage\Cybermaster\5_WT26\Masterarbeit\Testdaten\SELFMADE\AI\AI07_gemini_veo_df_cat.mp4;SELFMADE;AI07;Gemini;Veo_3.1;MIXED;DEEPFAKE;MP4;ORIGINAL;NONE;ftyp|free|uuid|mdat|moov(mvhd,trak(tkhd,edts(elst),mdia(mdhd,hdlr,minf(vmhd,dinf(dref),stbl(stsd(avc1(avcC,btrt)),stts,stss,ctts,stsc,stsz,stco)))),trak(tkhd,edts(elst),mdia(mdhd,hdlr,minf(smhd,dinf(dref),stbl(stsd(mp4a(esds,btrt)),stts,stsc,stsz,stco,sgpd,sbgp)))),udta(meta(hdlr,ilst)));"[{""type"":""ftyp""},{""type"":""free""},{""type"":""uuid""},{""type"":""mdat""},{""type"":""moov"",""children"":[{""type"":""mvhd""},{""type"":""trak"",""children"":[{""type"":""tkhd""},{""type"":""edts"",""children"":[{""type"":""elst""}]},{""type"":""mdia"",""children"":[{""type"":""mdhd""},{""type"":""hdlr""},{""type"":""minf"",""children"":[{""type"":""vmhd""},{""type"":""dinf"",""children"":[{""type"":""dref""}]},{""type"":""stbl"",""children"":[{""type"":""stsd"",""children"":[{""type"":""avc1"",""children"":[{""type"":""avcC""},{""type"":""btrt""}]}]},{""type"":""stts""},{""type"":""stss""},{""type"":""ctts""},{""type"":""stsc""},{""type"":""stsz""},{""type"":""stco""}]}]}]}]},{""type"":""trak"",""children"":[{""type"":""tkhd""},{""type"":""edts"",""children"":[{""type"":""elst""}]},{""type"":""mdia"",""children"":[{""type"":""mdhd""},{""type"":""hdlr""},{""type"":""minf"",""children"":[{""type"":""smhd""},{""type"":""dinf"",""children"":[{""type"":""dref""}]},{""type"":""stbl"",""children"":[{""type"":""stsd"",""children"":[{""type"":""mp4a"",""children"":[{""type"":""esds""},{""type"":""btrt""}]}]},{""type"":""stts""},{""type"":""stsc""},{""type"":""stsz""},{""type"":""stco""},{""type"":""sgpd""},{""type"":""sbgp""}]}]}]}]},{""type"":""udta"",""children"":[{""type"":""meta"",""children"":[{""type"":""hdlr""},{""type"":""ilst""}]}]}]}]";avc1avcCavcCbtrtbtrtsttscttsstscdinfdrefdrefstbledtselstelstmdiaesdsbtrtfreeuuidftypfreehdlrilsthdlrminfmdatmoovmdhdhdlrmdiamdhdmetahdlrminfsmhdminfvmhdmoovmvhdmp4aesdsmvhdtraksbgpudtasgpdsbgpsmhddinfstblstsdstcosgpdstcotrakstscstszstsdavc1stsdmp4astsscttsstszstcosttsstscsttsstsstkhdedtstraktkhdudtametauuidmdatvmhddinf;avc1avcCbtrtavcCbtrtsttsbtrtsttsstscbtrtsttsstsscttsstscstszdinfdrefstbldrefstblstsdedtselstmdiaelstmdiamdhdesdsbtrtsttsfreeuuidmdatftypfreeuuidhdlrminfsmhdhdlrminfvmhdmdatmoovmvhdmdhdhdlrminfmdiamdhdhdlrmetahdlrilstminfsmhddinfminfvmhddinfmoovmvhdtrakmp4aesdsbtrtmvhdtraktkhdsbgpudtametasgpdsbgpudtasmhddinfdrefstblstsdavc1stblstsdmp4astcosgpdsbgpstcotraktkhdstscstszstcostsdavc1avcCstsdmp4aesdsstsscttsstscstszstcosgpdstszstcotraksttsstscstszsttsstsscttstkhdedtselsttraktkhdedtsudtametahdlruuidmdatmoovvmhddinfdref;avc1avcCbtrtsttsavcCbtrtsttsstssbtrtsttsstscstszbtrtsttsstsscttscttsstscstszstcodinfdrefstblstsddrefstblstsdavc1drefstblstsdmp4aedtselstmdiamdhdelstmdiamdhdhdlresdsbtrtsttsstscfreeuuidmdatmoovftypfreeuuidmdathdlrminfsmhddinfhdlrminfvmhddinfmdatmoovmvhdtrakmdhdhdlrminfsmhdmdhdhdlrminfvmhdmdiamdhdhdlrminfminfsmhddinfdrefminfvmhddinfdrefmoovmvhdtraktkhdmp4aesdsbtrtsttsmvhdtraktkhdedtssbgpudtametahdlrsgpdsbgpudtametasmhddinfdrefstblstblstsdavc1avcCstblstsdmp4aesdsstcosgpdsbgpudtastcotraktkhdedtsstscstszstcosgpdstscstszstcotrakstsdavc1avcCbtrtstsdmp4aesdsbtrtstsscttsstscstszstszstcosgpdsbgpstszstcotraktkhdsttsstscstszstcosttsstsscttsstsctkhdedtselstmdiatraktkhdedtselstudtametahdlrilstuuidmdatmoovmvhdvmhddinfdrefstbl
G:\Meine Ablage\Cybermaster\5_WT26\Masterarbeit\Testdaten\SELFMADE\AI\AI06_bing_sora_df_cat.mp4;SELFMADE;AI06;Bing;Sora_2.0;MIXED;DEEPFAKE;MP4;ORIGINAL;NONE;ftyp|uuid|moov(mvhd,trak(tkhd,edts(elst),mdia(mdhd,hdlr,minf(vmhd,dinf(dref),stbl(stsd(avc1(avcC,btrt)),stts,stss,ctts,stsc,stsz,stco)))),trak(tkhd,edts(elst),mdia(mdhd,hdlr,minf(smhd,dinf(dref),stbl(stsd(mp4a(esds,btrt)),stts,stsc,stsz,stco,sgpd,sbgp)))),udta(meta(hdlr,ilst)))|free|mdat;"[{""type"":""ftyp""},{""type"":""uuid""},{""type"":""moov"",""children"":[{""type"":""mvhd""},{""type"":""trak"",""children"":[{""type"":""tkhd""},{""type"":""edts"",""children"":[{""type"":""elst""}]},{""type"":""mdia"",""children"":[{""type"":""mdhd""},{""type"":""hdlr""},{""type"":""minf"",""children"":[{""type"":""vmhd""},{""type"":""dinf"",""children"":[{""type"":""dref""}]},{""type"":""stbl"",""children"":[{""type"":""stsd"",""children"":[{""type"":""avc1"",""children"":[{""type"":""avcC""},{""type"":""btrt""}]}]},{""type"":""stts""},{""type"":""stss""},{""type"":""ctts""},{""type"":""stsc""},{""type"":""stsz""},{""type"":""stco""}]}]}]}]},{""type"":""trak"",""children"":[{""type"":""tkhd""},{""type"":""edts"",""children"":[{""type"":""elst""}]},{""type"":""mdia"",""children"":[{""type"":""mdhd""},{""type"":""hdlr""},{""type"":""minf"",""children"":[{""type"":""smhd""},{""type"":""dinf"",""children"":[{""type"":""dref""}]},{""type"":""stbl"",""children"":[{""type"":""stsd"",""children"":[{""type"":""mp4a"",""children"":[{""type"":""esds""},{""type"":""btrt""}]}]},{""type"":""stts""},{""type"":""stsc""},{""type"":""stsz""},{""type"":""stco""},{""type"":""sgpd""},{""type"":""sbgp""}]}]}]}]},{""type"":""udta"",""children"":[{""type"":""meta"",""children"":[{""type"":""hdlr""},{""type"":""ilst""}]}]}]},{""type"":""free""},{""type"":""mdat""}]";avc1avcCavcCbtrtbtrtsttscttsstscdinfdrefdrefstbledtselstelstmdiaesdsbtrtfreemdatftypuuidhdlrilsthdlrminfilstfreemdhdhdlrmdiamdhdmetahdlrminfsmhdminfvmhdmoovmvhdmp4aesdsmvhdtraksbgpudtasgpdsbgpsmhddinfstblstsdstcosgpdstcotrakstscstszstsdavc1stsdmp4astsscttsstszstcosttsstscsttsstsstkhdedtstraktkhdudtametauuidmoovvmhddinf;avc1avcCbtrtavcCbtrtsttsbtrtsttsstscbtrtsttsstsscttsstscstszdinfdrefstbldrefstblstsdedtselstmdiaelstmdiamdhdesdsbtrtsttsftypuuidmoovhdlrilstfreehdlrminfsmhdhdlrminfvmhdilstfreemdatmdhdhdlrminfmdiamdhdhdlrmetahdlrilstminfsmhddinfminfvmhddinfmoovmvhdtrakmp4aesdsbtrtmvhdtraktkhdsbgpudtametasgpdsbgpudtasmhddinfdrefstblstsdavc1stblstsdmp4astcosgpdsbgpstcotraktkhdstscstszstcostsdavc1avcCstsdmp4aesdsstsscttsstscstszstcosgpdstszstcotraksttsstscstszsttsstsscttstkhdedtselsttraktkhdedtsudtametahdlruuidmoovmvhdvmhddinfdref;avc1avcCbtrtsttsavcCbtrtsttsstssbtrtsttsstscstszbtrtsttsstsscttscttsstscstszstcodinfdrefstblstsddrefstblstsdavc1drefstblstsdmp4aedtselstmdiamdhdelstmdiamdhdhdlresdsbtrtsttsstscftypuuidmoovmvhdhdlrilstfreemdathdlrminfsmhddinfhdlrminfvmhddinfmdhdhdlrminfsmhdmdhdhdlrminfvmhdmdiamdhdhdlrminfmetahdlrilstfreeminfsmhddinfdrefminfvmhddinfdrefmoovmvhdtraktkhdmp4aesdsbtrtsttsmvhdtraktkhdedtssbgpudtametahdlrsgpdsbgpudtametasmhddinfdrefstblstblstsdavc1avcCstblstsdmp4aesdsstcosgpdsbgpudtastcotraktkhdedtsstscstszstcosgpdstscstszstcotrakstsdavc1avcCbtrtstsdmp4aesdsbtrtstsscttsstscstszstszstcosgpdsbgpstszstcotraktkhdsttsstscstszstcosttsstsscttsstsctkhdedtselstmdiatraktkhdedtselstudtametahdlrilstuuidmoovmvhdtrakvmhddinfdrefstbl
G:\Meine Ablage\Cybermaster\5_WT26\Masterarbeit\Testdaten\SELFMADE\AI\AI01_grok_imagine_df_cat.mp4;SELFMADE;AI01;Grok;Imagine_0.9;MIXED;DEEPFAKE;MP4;ORIGINAL;NONE;ftyp|moov(mvhd,trak(tkhd,edts(elst),mdia(mdhd,hdlr,minf(vmhd,dinf(dref),stbl(stsd(avc1(avcC,btrt)),stts,stss,ctts,stsc,stsz,stco)))),trak(tkhd,edts(elst),mdia(mdhd,hdlr,minf(smhd,dinf(dref),stbl(stsd(mp4a(esds,btrt)),stts,stsc,stsz,stco,sgpd,sbgp)))),udta(meta(hdlr,ilst)))|free|mdat;"[{""type"":""ftyp""},{""type"":""moov"",""children"":[{""type"":""mvhd""},{""type"":""trak"",""children"":[{""type"":""tkhd""},{""type"":""edts"",""children"":[{""type"":""elst""}]},{""type"":""mdia"",""children"":[{""type"":""mdhd""},{""type"":""hdlr""},{""type"":""minf"",""children"":[{""type"":""vmhd""},{""type"":""dinf"",""children"":[{""type"":""dref""}]},{""type"":""stbl"",""children"":[{""type"":""stsd"",""children"":[{""type"":""avc1"",""children"":[{""type"":""avcC""},{""type"":""btrt""}]}]},{""type"":""stts""},{""type"":""stss""},{""type"":""ctts""},{""type"":""stsc""},{""type"":""stsz""},{""type"":""stco""}]}]}]}]},{""type"":""trak"",""children"":[{""type"":""tkhd""},{""type"":""edts"",""children"":[{""type"":""elst""}]},{""type"":""mdia"",""children"":[{""type"":""mdhd""},{""type"":""hdlr""},{""type"":""minf"",""children"":[{""type"":""smhd""},{""type"":""dinf"",""children"":[{""type"":""dref""}]},{""type"":""stbl"",""children"":[{""type"":""stsd"",""children"":[{""type"":""mp4a"",""children"":[{""type"":""esds""},{""type"":""btrt""}]}]},{""type"":""stts""},{""type"":""stsc""},{""type"":""stsz""},{""type"":""stco""},{""type"":""sgpd""},{""type"":""sbgp""}]}]}]}]},{""type"":""udta"",""children"":[{""type"":""meta"",""children"":[{""type"":""hdlr""},{""type"":""ilst""}]}]}]},{""type"":""free""},{""type"":""mdat""}]";avc1avcCavcCbtrtbtrtsttscttsstscdinfdrefdrefstbledtselstelstmdiaesdsbtrtfreemdatftypmoovhdlrilsthdlrminfilstfreemdhdhdlrmdiamdhdmetahdlrminfsmhdminfvmhdmoovmvhdmp4aesdsmvhdtraksbgpudtasgpdsbgpsmhddinfstblstsdstcosgpdstcotrakstscstszstsdavc1stsdmp4astsscttsstszstcosttsstscsttsstsstkhdedtstraktkhdudtametavmhddinf;avc1avcCbtrtavcCbtrtsttsbtrtsttsstscbtrtsttsstsscttsstscstszdinfdrefstbldrefstblstsdedtselstmdiaelstmdiamdhdesdsbtrtsttsftypmoovmvhdhdlrilstfreehdlrminfsmhdhdlrminfvmhdilstfreemdatmdhdhdlrminfmdiamdhdhdlrmetahdlrilstminfsmhddinfminfvmhddinfmoovmvhdtrakmp4aesdsbtrtmvhdtraktkhdsbgpudtametasgpdsbgpudtasmhddinfdrefstblstsdavc1stblstsdmp4astcosgpdsbgpstcotraktkhdstscstszstcostsdavc1avcCstsdmp4aesdsstsscttsstscstszstcosgpdstszstcotraksttsstscstszsttsstsscttstkhdedtselsttraktkhdedtsudtametahdlrvmhddinfdref;avc1avcCbtrtsttsavcCbtrtsttsstssbtrtsttsstscstszbtrtsttsstsscttscttsstscstszstcodinfdrefstblstsddrefstblstsdavc1drefstblstsdmp4aedtselstmdiamdhdelstmdiamdhdhdlresdsbtrtsttsstscftypmoovmvhdtrakhdlrilstfreemdathdlrminfsmhddinfhdlrminfvmhddinfmdhdhdlrminfsmhdmdhdhdlrminfvmhdmdiamdhdhdlrminfmetahdlrilstfreeminfsmhddinfdrefminfvmhddinfdrefmoovmvhdtraktkhdmp4aesdsbtrtsttsmvhdtraktkhdedtssbgpudtametahdlrsgpdsbgpudtametasmhddinfdrefstblstblstsdavc1avcCstblstsdmp4aesdsstcosgpdsbgpudtastcotraktkhdedtsstscstszstcosgpdstscstszstcotrakstsdavc1avcCbtrtstsdmp4aesdsbtrtstsscttsstscstszstszstcosgpdsbgpstszstcotraktkhdsttsstscstszstcosttsstsscttsstsctkhdedtselstmdiatraktkhdedtselstudtametahdlrilstvmhddinfdrefstbl
G:\Meine Ablage\Cybermaster\5_WT26\Masterarbeit\Testdaten\SELFMADE\AI\AI04_pika_pika_df_cat.mp4;SELFMADE;AI04;Pika;Pika_2.5;MIXED;DEEPFAKE;MP4;ORIGINAL;NONE;ftyp|moov(mvhd,trak(tkhd,edts(elst),mdia(mdhd,hdlr,minf(vmhd,dinf(dref),stbl(stsd(avc1(avcC,btrt)),stts,stss,ctts,stsc,stsz,stco)))),udta(meta(hdlr,ilst)))|free|mdat;"[{""type"":""ftyp""},{""type"":""moov"",""children"":[{""type"":""mvhd""},{""type"":""trak"",""children"":[{""type"":""tkhd""},{""type"":""edts"",""children"":[{""type"":""elst""}]},{""type"":""mdia"",""children"":[{""type"":""mdhd""},{""type"":""hdlr""},{""type"":""minf"",""children"":[{""type"":""vmhd""},{""type"":""dinf"",""children"":[{""type"":""dref""}]},{""type"":""stbl"",""children"":[{""type"":""stsd"",""children"":[{""type"":""avc1"",""children"":[{""type"":""avcC""},{""type"":""btrt""}]}]},{""type"":""stts""},{""type"":""stss""},{""type"":""ctts""},{""type"":""stsc""},{""type"":""stsz""},{""type"":""stco""}]}]}]}]},{""type"":""udta"",""children"":[{""type"":""meta"",""children"":[{""type"":""hdlr""},{""type"":""ilst""}]}]}]},{""type"":""free""},{""type"":""mdat""}]";avc1avcCavcCbtrtbtrtsttscttsstscdinfdrefdrefstbledtselstelstmdiafreemdatftypmoovhdlrilsthdlrminfilstfreemdhdhdlrmdiamdhdmetahdlrminfvmhdmoovmvhdmvhdtrakstblstsdstcoudtastscstszstsdavc1stsscttsstszstcosttsstsstkhdedtstraktkhdudtametavmhddinf;avc1avcCbtrtavcCbtrtsttsbtrtsttsstsscttsstscstszdinfdrefstbldrefstblstsdedtselstmdiaelstmdiamdhdftypmoovmvhdhdlrilstfreehdlrminfvmhdilstfreemdatmdhdhdlrminfmdiamdhdhdlrmetahdlrilstminfvmhddinfmoovmvhdtrakmvhdtraktkhdstblstsdavc1stcoudtametastscstszstcostsdavc1avcCstsscttsstscstszstcoudtasttsstsscttstkhdedtselsttraktkhdedtsudtametahdlrvmhddinfdref;avc1avcCbtrtsttsavcCbtrtsttsstssbtrtsttsstsscttscttsstscstszstcodinfdrefstblstsddrefstblstsdavc1edtselstmdiamdhdelstmdiamdhdhdlrftypmoovmvhdtrakhdlrilstfreemdathdlrminfvmhddinfmdhdhdlrminfvmhdmdiamdhdhdlrminfmetahdlrilstfreeminfvmhddinfdrefmoovmvhdtraktkhdmvhdtraktkhdedtsstblstsdavc1avcCstcoudtametahdlrstscstszstcoudtastsdavc1avcCbtrtstsscttsstscstszstszstcoudtametasttsstsscttsstsctkhdedtselstmdiatraktkhdedtselstudtametahdlrilstvmhddinfdrefstbl
G:\Meine Ablage\Cybermaster\5_WT26\Masterarbeit\Testdaten\SELFMADE\AI\AI05_gen4_runway_df_cat.mp4;SELFMADE;AI05;RunwayAI;Runway_4.5;MIXED;DEEPFAKE;MP4;ORIGINAL;NONE;ftyp|uuid|free|mdat|moov(mvhd,trak(tkhd,edts(elst),mdia(mdhd,hdlr,minf(vmhd,dinf(dref),stbl(stsd(avc1(avcC)),stts,stss,ctts,stsc,stsz,stco)))),udta(meta(hdlr,ilst)));"[{""type"":""ftyp""},{""type"":""uuid""},{""type"":""free""},{""type"":""mdat""},{""type"":""moov"",""children"":[{""type"":""mvhd""},{""type"":""trak"",""children"":[{""type"":""tkhd""},{""type"":""edts"",""children"":[{""type"":""elst""}]},{""type"":""mdia"",""children"":[{""type"":""mdhd""},{""type"":""hdlr""},{""type"":""minf"",""children"":[{""type"":""vmhd""},{""type"":""dinf"",""children"":[{""type"":""dref""}]},{""type"":""stbl"",""children"":[{""type"":""stsd"",""children"":[{""type"":""avc1"",""children"":[{""type"":""avcC""}]}]},{""type"":""stts""},{""type"":""stss""},{""type"":""ctts""},{""type"":""stsc""},{""type"":""stsz""},{""type"":""stco""}]}]}]}]},{""type"":""udta"",""children"":[{""type"":""meta"",""children"":[{""type"":""hdlr""},{""type"":""ilst""}]}]}]}]";avc1avcCavcCsttscttsstscdinfdrefdrefstbledtselstelstmdiafreemdatftypuuidhdlrilsthdlrminfmdatmoovmdhdhdlrmdiamdhdmetahdlrminfvmhdmoovmvhdmvhdtrakstblstsdstcoudtastscstszstsdavc1stsscttsstszstcosttsstsstkhdedtstraktkhdudtametauuidfreevmhddinf;avc1avcCsttsavcCsttsstsscttsstscstszdinfdrefstbldrefstblstsdedtselstmdiaelstmdiamdhdfreemdatmoovftypuuidfreehdlrminfvmhdmdatmoovmvhdmdhdhdlrminfmdiamdhdhdlrmetahdlrilstminfvmhddinfmoovmvhdtrakmvhdtraktkhdstblstsdavc1stcoudtametastscstszstcostsdavc1avcCstsscttsstscstszstcoudtasttsstsscttstkhdedtselsttraktkhdedtsudtametahdlruuidfreemdatvmhddinfdref;avc1avcCsttsstssavcCsttsstsscttscttsstscstszstcodinfdrefstblstsddrefstblstsdavc1edtselstmdiamdhdelstmdiamdhdhdlrfreemdatmoovmvhdftypuuidfreemdathdlrminfvmhddinfmdatmoovmvhdtrakmdhdhdlrminfvmhdmdiamdhdhdlrminfminfvmhddinfdrefmoovmvhdtraktkhdmvhdtraktkhdedtsstblstsdavc1avcCstcoudtametahdlrstscstszstcoudtastsdavc1avcCsttsstsscttsstscstszstszstcoudtametasttsstsscttsstsctkhdedtselstmdiatraktkhdedtselstudtametahdlrilstuuidfreemdatmoovvmhddinfdrefstbl
G:\Meine Ablage\Cybermaster\5_WT26\Masterarbeit\Testdaten\SELFMADE\AI\AI02_kling_klingai_synth_squirrel.mp4;SELFMADE;AI02;Kling;KlingAIVideo_2.6;AI_GENERATION;SYNTHETIC;MP4;ORIGINAL;NONE;ftyp|moov(mvhd,trak(tkhd,edts(elst),mdia(mdhd,hdlr,minf(smhd,dinf(dref),stbl(stsd(mp4a(esds,btrt)),stts,stsc,stsz,stco,sgpd,sbgp)))),trak(tkhd,edts(elst),mdia(mdhd,hdlr,minf(vmhd,dinf(dref),stbl(stsd(avc1(avcC,btrt)),stts,stss,ctts,stsc,stsz,stco)))),udta(meta(hdlr,keys,ilst)))|free|mdat;"[{""type"":""ftyp""},{""type"":""moov"",""children"":[{""type"":""mvhd""},{""type"":""trak"",""children"":[{""type"":""tkhd""},{""type"":""edts"",""children"":[{""type"":""elst""}]},{""type"":""mdia"",""children"":[{""type"":""mdhd""},{""type"":""hdlr""},{""type"":""minf"",""children"":[{""type"":""smhd""},{""type"":""dinf"",""children"":[{""type"":""dref""}]},{""type"":""stbl"",""children"":[{""type"":""stsd"",""children"":[{""type"":""mp4a"",""children"":[{""type"":""esds""},{""type"":""btrt""}]}]},{""type"":""stts""},{""type"":""stsc""},{""type"":""stsz""},{""type"":""stco""},{""type"":""sgpd""},{""type"":""sbgp""}]}]}]}]},{""type"":""trak"",""children"":[{""type"":""tkhd""},{""type"":""edts"",""children"":[{""type"":""elst""}]},{""type"":""mdia"",""children"":[{""type"":""mdhd""},{""type"":""hdlr""},{""type"":""minf"",""children"":[{""type"":""vmhd""},{""type"":""dinf"",""children"":[{""type"":""dref""}]},{""type"":""stbl"",""children"":[{""type"":""stsd"",""children"":[{""type"":""avc1"",""children"":[{""type"":""avcC""},{""type"":""btrt""}]}]},{""type"":""stts""},{""type"":""stss""},{""type"":""ctts""},{""type"":""stsc""},{""type"":""stsz""},{""type"":""stco""}]}]}]}]},{""type"":""udta"",""children"":[{""type"":""meta"",""children"":[{""type"":""hdlr""},{""type"":""keys""},{""type"":""ilst""}]}]}]},{""type"":""free""},{""type"":""mdat""}]";avc1avcCavcCbtrtbtrtsttscttsstscdinfdrefdrefstbledtselstelstmdiaesdsbtrtfreemdatftypmoovhdlrkeyshdlrminfilstfreekeysilstmdhdhdlrmdiamdhdmetahdlrminfsmhdminfvmhdmoovmvhdmp4aesdsmvhdtraksbgptraksgpdsbgpsmhddinfstblstsdstcosgpdstcoudtastscstszstsdavc1stsdmp4astsscttsstszstcosttsstscsttsstsstkhdedtstraktkhdudtametavmhddinf;avc1avcCbtrtavcCbtrtsttsbtrtsttsstscbtrtsttsstsscttsstscstszdinfdrefstbldrefstblstsdedtselstmdiaelstmdiamdhdesdsbtrtsttsftypmoovmvhdhdlrkeysilsthdlrminfsmhdhdlrminfvmhdilstfreemdatkeysilstfreemdhdhdlrminfmdiamdhdhdlrmetahdlrkeysminfsmhddinfminfvmhddinfmoovmvhdtrakmp4aesdsbtrtmvhdtraktkhdsbgptraktkhdsgpdsbgptraksmhddinfdrefstblstsdavc1stblstsdmp4astcosgpdsbgpstcoudtametastscstszstcostsdavc1avcCstsdmp4aesdsstsscttsstscstszstcosgpdstszstcoudtasttsstscstszsttsstsscttstkhdedtselsttraktkhdedtsudtametahdlrvmhddinfdref;avc1avcCbtrtsttsavcCbtrtsttsstssbtrtsttsstscstszbtrtsttsstsscttscttsstscstszstcodinfdrefstblstsddrefstblstsdavc1drefstblstsdmp4aedtselstmdiamdhdelstmdiamdhdhdlresdsbtrtsttsstscftypmoovmvhdtrakhdlrkeysilstfreehdlrminfsmhddinfhdlrminfvmhddinfkeysilstfreemdatmdhdhdlrminfsmhdmdhdhdlrminfvmhdmdiamdhdhdlrminfmetahdlrkeysilstminfsmhddinfdrefminfvmhddinfdrefmoovmvhdtraktkhdmp4aesdsbtrtsttsmvhdtraktkhdedtssbgptraktkhdedtssgpdsbgptraktkhdsmhddinfdrefstblstblstsdavc1avcCstblstsdmp4aesdsstcosgpdsbgptrakstcoudtametahdlrstscstszstcosgpdstscstszstcoudtastsdavc1avcCbtrtstsdmp4aesdsbtrtstsscttsstscstszstszstcosgpdsbgpstszstcoudtametasttsstscstszstcosttsstsscttsstsctkhdedtselstmdiatraktkhdedtselstudtametahdlrkeysvmhddinfdrefstbl
G:\Meine Ablage\Cybermaster\5_WT26\Masterarbeit\Testdaten\SELFMADE\AI\AI03_luma_luma_synth_squirrel.mp4;SELFMADE;AI03;LumaAI;LumaDream;AI_GENERATION;SYNTHETIC;MP4;ORIGINAL;NONE;ftyp|moov(mvhd,trak(tkhd,edts(elst),mdia(mdhd,hdlr,minf(vmhd,dinf(dref),stbl(stsd(avc1(avcC,btrt)),stts,stss,ctts,stsc,stsz,stco)))),trak(tkhd,edts(elst),mdia(mdhd,hdlr,minf(smhd,dinf(dref),stbl(stsd(mp4a(esds,btrt)),stts,stsc,stsz,stco,sgpd,sbgp)))),udta(meta(hdlr,ilst)))|free|mdat;"[{""type"":""ftyp""},{""type"":""moov"",""children"":[{""type"":""mvhd""},{""type"":""trak"",""children"":[{""type"":""tkhd""},{""type"":""edts"",""children"":[{""type"":""elst""}]},{""type"":""mdia"",""children"":[{""type"":""mdhd""},{""type"":""hdlr""},{""type"":""minf"",""children"":[{""type"":""vmhd""},{""type"":""dinf"",""children"":[{""type"":""dref""}]},{""type"":""stbl"",""children"":[{""type"":""stsd"",""children"":[{""type"":""avc1"",""children"":[{""type"":""avcC""},{""type"":""btrt""}]}]},{""type"":""stts""},{""type"":""stss""},{""type"":""ctts""},{""type"":""stsc""},{""type"":""stsz""},{""type"":""stco""}]}]}]}]},{""type"":""trak"",""children"":[{""type"":""tkhd""},{""type"":""edts"",""children"":[{""type"":""elst""}]},{""type"":""mdia"",""children"":[{""type"":""mdhd""},{""type"":""hdlr""},{""type"":""minf"",""children"":[{""type"":""smhd""},{""type"":""dinf"",""children"":[{""type"":""dref""}]},{""type"":""stbl"",""children"":[{""type"":""stsd"",""children"":[{""type"":""mp4a"",""children"":[{""type"":""esds""},{""type"":""btrt""}]}]},{""type"":""stts""},{""type"":""stsc""},{""type"":""stsz""},{""type"":""stco""},{""type"":""sgpd""},{""type"":""sbgp""}]}]}]}]},{""type"":""udta"",""children"":[{""type"":""meta"",""children"":[{""type"":""hdlr""},{""type"":""ilst""}]}]}]},{""type"":""free""},{""type"":""mdat""}]";avc1avcCavcCbtrtbtrtsttscttsstscdinfdrefdrefstbledtselstelstmdiaesdsbtrtfreemdatftypmoovhdlrilsthdlrminfilstfreemdhdhdlrmdiamdhdmetahdlrminfsmhdminfvmhdmoovmvhdmp4aesdsmvhdtraksbgpudtasgpdsbgpsmhddinfstblstsdstcosgpdstcotrakstscstszstsdavc1stsdmp4astsscttsstszstcosttsstscsttsstsstkhdedtstraktkhdudtametavmhddinf;avc1avcCbtrtavcCbtrtsttsbtrtsttsstscbtrtsttsstsscttsstscstszdinfdrefstbldrefstblstsdedtselstmdiaelstmdiamdhdesdsbtrtsttsftypmoovmvhdhdlrilstfreehdlrminfsmhdhdlrminfvmhdilstfreemdatmdhdhdlrminfmdiamdhdhdlrmetahdlrilstminfsmhddinfminfvmhddinfmoovmvhdtrakmp4aesdsbtrtmvhdtraktkhdsbgpudtametasgpdsbgpudtasmhddinfdrefstblstsdavc1stblstsdmp4astcosgpdsbgpstcotraktkhdstscstszstcostsdavc1avcCstsdmp4aesdsstsscttsstscstszstcosgpdstszstcotraksttsstscstszsttsstsscttstkhdedtselsttraktkhdedtsudtametahdlrvmhddinfdref;avc1avcCbtrtsttsavcCbtrtsttsstssbtrtsttsstscstszbtrtsttsstsscttscttsstscstszstcodinfdrefstblstsddrefstblstsdavc1drefstblstsdmp4aedtselstmdiamdhdelstmdiamdhdhdlresdsbtrtsttsstscftypmoovmvhdtrakhdlrilstfreemdathdlrminfsmhddinfhdlrminfvmhddinfmdhdhdlrminfsmhdmdhdhdlrminfvmhdmdiamdhdhdlrminfmetahdlrilstfreeminfsmhddinfdrefminfvmhddinfdrefmoovmvhdtraktkhdmp4aesdsbtrtsttsmvhdtraktkhdedtssbgpudtametahdlrsgpdsbgpudtametasmhddinfdrefstblstblstsdavc1avcCstblstsdmp4aesdsstcosgpdsbgpudtastcotraktkhdedtsstscstszstcosgpdstscstszstcotrakstsdavc1avcCbtrtstsdmp4aesdsbtrtstsscttsstscstszstszstcosgpdsbgpstszstcotraktkhdsttsstscstszstcosttsstsscttsstsctkhdedtselstmdiatraktkhdedtselstudtametahdlrilstvmhddinfdrefstbl
